-- MySQL dump 10.13  Distrib 8.0.34, for Linux (x86_64)
--
-- Host: 127.0.0.1    Database: symfony
-- ------------------------------------------------------
-- Server version	8.0.34-0ubuntu0.22.04.1

/*!40101 SET @OLD_CHARACTER_SET_CLIENT=@@CHARACTER_SET_CLIENT */;
/*!40101 SET @OLD_CHARACTER_SET_RESULTS=@@CHARACTER_SET_RESULTS */;
/*!40101 SET @OLD_COLLATION_CONNECTION=@@COLLATION_CONNECTION */;
/*!50503 SET NAMES utf8mb4 */;
/*!40103 SET @OLD_TIME_ZONE=@@TIME_ZONE */;
/*!40103 SET TIME_ZONE='+00:00' */;
/*!40014 SET @OLD_UNIQUE_CHECKS=@@UNIQUE_CHECKS, UNIQUE_CHECKS=0 */;
/*!40014 SET @OLD_FOREIGN_KEY_CHECKS=@@FOREIGN_KEY_CHECKS, FOREIGN_KEY_CHECKS=0 */;
/*!40101 SET @OLD_SQL_MODE=@@SQL_MODE, SQL_MODE='NO_AUTO_VALUE_ON_ZERO' */;
/*!40111 SET @OLD_SQL_NOTES=@@SQL_NOTES, SQL_NOTES=0 */;

--
-- Table structure for table `doctrine_migration_versions`
--

DROP TABLE IF EXISTS `doctrine_migration_versions`;
/*!40101 SET @saved_cs_client     = @@character_set_client */;
/*!50503 SET character_set_client = utf8mb4 */;
CREATE TABLE `doctrine_migration_versions` (
  `version` varchar(191) COLLATE utf8mb3_unicode_ci NOT NULL,
  `executed_at` datetime DEFAULT NULL,
  `execution_time` int DEFAULT NULL,
  PRIMARY KEY (`version`)
) ENGINE=InnoDB DEFAULT CHARSET=utf8mb3 COLLATE=utf8mb3_unicode_ci;
/*!40101 SET character_set_client = @saved_cs_client */;

--
-- Dumping data for table `doctrine_migration_versions`
--

LOCK TABLES `doctrine_migration_versions` WRITE;
/*!40000 ALTER TABLE `doctrine_migration_versions` DISABLE KEYS */;
INSERT INTO `doctrine_migration_versions` VALUES ('DoctrineMigrations\\Version20231003131953','2023-10-03 15:20:52',1793),('DoctrineMigrations\\Version20231003133058','2023-10-03 16:19:16',380),('DoctrineMigrations\\Version20231004145034','2023-10-04 16:51:19',339);
/*!40000 ALTER TABLE `doctrine_migration_versions` ENABLE KEYS */;
UNLOCK TABLES;

--
-- Table structure for table `symfony_demo_comment`
--

DROP TABLE IF EXISTS `symfony_demo_comment`;
/*!40101 SET @saved_cs_client     = @@character_set_client */;
/*!50503 SET character_set_client = utf8mb4 */;
CREATE TABLE `symfony_demo_comment` (
  `id` int NOT NULL AUTO_INCREMENT,
  `post_id` int NOT NULL,
  `author_id` int NOT NULL,
  `content` longtext COLLATE utf8mb4_unicode_ci NOT NULL,
  `published_at` datetime NOT NULL,
  PRIMARY KEY (`id`),
  KEY `IDX_53AD8F834B89032C` (`post_id`),
  KEY `IDX_53AD8F83F675F31B` (`author_id`),
  CONSTRAINT `FK_53AD8F834B89032C` FOREIGN KEY (`post_id`) REFERENCES `symfony_demo_post` (`id`),
  CONSTRAINT `FK_53AD8F83F675F31B` FOREIGN KEY (`author_id`) REFERENCES `symfony_demo_user` (`id`)
) ENGINE=InnoDB AUTO_INCREMENT=151 DEFAULT CHARSET=utf8mb4 COLLATE=utf8mb4_unicode_ci;
/*!40101 SET character_set_client = @saved_cs_client */;

--
-- Dumping data for table `symfony_demo_comment`
--

LOCK TABLES `symfony_demo_comment` WRITE;
/*!40000 ALTER TABLE `symfony_demo_comment` DISABLE KEYS */;
INSERT INTO `symfony_demo_comment` VALUES (1,1,3,'Sunt torquises imitari velox mirabilis medicinaes. Sunt seculaes transferre talis camerarius fluctuies. Pellentesque et sapien pulvinar consectetur. Ubi est barbatus nix. Silva de secundus galatae demitto quadra. Pellentesque vitae velit ex. Era brevis ratione est. Morbi tempus commodo mattis. Ut suscipit posuere justo at vulputate. Ubi est audax amicitia. Nunc viverra elit ac laoreet suscipit. ','2023-02-13 14:04:03'),(2,1,3,'Vae humani generis. Sunt accentores vitare salvus flavum parses. Eposs sunt solems de superbus fortis. Bassus fatalis classiss virtualiter transferre de flavum. Mauris dapibus risus quis suscipit vulputate. Pellentesque vitae velit ex. In hac habitasse platea dictumst. Sunt seculaes transferre talis camerarius fluctuies. Morbi tempus commodo mattis. ','2023-02-13 14:04:04'),(3,1,3,'Silva de secundus galatae demitto quadra. Nunc viverra elit ac laoreet suscipit. Nulla porta lobortis ligula vel egestas. Urna nisl sollicitudin id varius orci quam id turpis. Sunt accentores vitare salvus flavum parses. Bassus fatalis classiss virtualiter transferre de flavum. Sunt torquises imitari velox mirabilis medicinaes. Ubi est barbatus nix. ','2023-02-13 14:04:05'),(4,1,3,'Sed varius a risus eget aliquam. Lorem ipsum dolor sit amet consectetur adipiscing elit. Pellentesque vitae velit ex. Teres talis saepe tractare de camerarius flavum sensorem. Sunt seculaes transferre talis camerarius fluctuies. Bassus fatalis classiss virtualiter transferre de flavum. Ubi est audax amicitia. In hac habitasse platea dictumst. Vae humani generis. Ut suscipit posuere justo at vulputate. Urna nisl sollicitudin id varius orci quam id turpis. Mauris dapibus risus quis suscipit vulputate. ','2023-02-13 14:04:06'),(5,1,3,'Urna nisl sollicitudin id varius orci quam id turpis. Vae humani generis. Ut suscipit posuere justo at vulputate. Mineralis persuadere omnes finises desiderium. Sunt seculaes transferre talis camerarius fluctuies. Sed varius a risus eget aliquam. Ubi est barbatus nix. Bassus fatalis classiss virtualiter transferre de flavum. ','2023-02-13 14:04:07'),(6,2,3,'Ubi est audax amicitia. Ubi est barbatus nix. Sunt accentores vitare salvus flavum parses. Mauris dapibus risus quis suscipit vulputate. Nulla porta lobortis ligula vel egestas. Teres talis saepe tractare de camerarius flavum sensorem. Silva de secundus galatae demitto quadra. ','2023-02-13 14:04:03'),(7,2,3,'Diatrias tolerare tanquam noster caesium. Ubi est barbatus nix. Sunt seculaes transferre talis camerarius fluctuies. Nunc viverra elit ac laoreet suscipit. Era brevis ratione est. Vae humani generis. In hac habitasse platea dictumst. Mauris dapibus risus quis suscipit vulputate. Abnobas sunt hilotaes de placidus vita. ','2023-02-13 14:04:04'),(8,2,3,'Abnobas sunt hilotaes de placidus vita. Nulla porta lobortis ligula vel egestas. Sunt seculaes transferre talis camerarius fluctuies. Ut eleifend mauris et risus ultrices egestas. Pellentesque vitae velit ex. Mauris dapibus risus quis suscipit vulputate. Ubi est audax amicitia. Vae humani generis. Lorem ipsum dolor sit amet consectetur adipiscing elit. Bassus fatalis classiss virtualiter transferre de flavum. Era brevis ratione est. ','2023-02-13 14:04:05'),(9,2,3,'Sunt seculaes transferre talis camerarius fluctuies. Pellentesque vitae velit ex. Urna nisl sollicitudin id varius orci quam id turpis. Aliquam sodales odio id eleifend tristique. Sunt accentores vitare salvus flavum parses. In hac habitasse platea dictumst. Teres talis saepe tractare de camerarius flavum sensorem. Vae humani generis. Eposs sunt solems de superbus fortis. ','2023-02-13 14:04:06'),(10,2,3,'Sed varius a risus eget aliquam. Eposs sunt solems de superbus fortis. Mineralis persuadere omnes finises desiderium. Pellentesque et sapien pulvinar consectetur. Ut suscipit posuere justo at vulputate. Abnobas sunt hilotaes de placidus vita. Teres talis saepe tractare de camerarius flavum sensorem. Diatrias tolerare tanquam noster caesium. Sunt torquises imitari velox mirabilis medicinaes. Era brevis ratione est. ','2023-02-13 14:04:07'),(11,3,3,'Mauris dapibus risus quis suscipit vulputate. Teres talis saepe tractare de camerarius flavum sensorem. Eros diam egestas libero eu vulputate risus. Nunc viverra elit ac laoreet suscipit. Eposs sunt solems de superbus fortis. Aliquam sodales odio id eleifend tristique. In hac habitasse platea dictumst. Potus sensim ad ferox abnoba. Urna nisl sollicitudin id varius orci quam id turpis. Vae humani generis. Ut eleifend mauris et risus ultrices egestas. ','2023-02-13 14:04:03'),(12,3,3,'Urna nisl sollicitudin id varius orci quam id turpis. Sunt accentores vitare salvus flavum parses. Era brevis ratione est. Pellentesque et sapien pulvinar consectetur. Diatrias tolerare tanquam noster caesium. Bassus fatalis classiss virtualiter transferre de flavum. Vae humani generis. Ubi est barbatus nix. Ubi est audax amicitia. ','2023-02-13 14:04:04'),(13,3,3,'Sed varius a risus eget aliquam. Sunt seculaes transferre talis camerarius fluctuies. Mauris dapibus risus quis suscipit vulputate. Morbi tempus commodo mattis. Sunt accentores vitare salvus flavum parses. Teres talis saepe tractare de camerarius flavum sensorem. ','2023-02-13 14:04:05'),(14,3,3,'Potus sensim ad ferox abnoba. Eros diam egestas libero eu vulputate risus. Mineralis persuadere omnes finises desiderium. Lorem ipsum dolor sit amet consectetur adipiscing elit. Ubi est audax amicitia. Teres talis saepe tractare de camerarius flavum sensorem. Aliquam sodales odio id eleifend tristique. Silva de secundus galatae demitto quadra. Abnobas sunt hilotaes de placidus vita. Diatrias tolerare tanquam noster caesium. In hac habitasse platea dictumst. ','2023-02-13 14:04:06'),(15,3,3,'Bassus fatalis classiss virtualiter transferre de flavum. Sunt seculaes transferre talis camerarius fluctuies. Nulla porta lobortis ligula vel egestas. Pellentesque et sapien pulvinar consectetur. Eros diam egestas libero eu vulputate risus. Mineralis persuadere omnes finises desiderium. Era brevis ratione est. Morbi tempus commodo mattis. Ubi est audax amicitia. Diatrias tolerare tanquam noster caesium. ','2023-02-13 14:04:07'),(16,4,3,'Curabitur aliquam euismod dolor non ornare. Potus sensim ad ferox abnoba. Vae humani generis. Sunt seculaes transferre talis camerarius fluctuies. Abnobas sunt hilotaes de placidus vita. Lorem ipsum dolor sit amet consectetur adipiscing elit. Bassus fatalis classiss virtualiter transferre de flavum. Sed varius a risus eget aliquam. Teres talis saepe tractare de camerarius flavum sensorem. Ut suscipit posuere justo at vulputate. ','2023-02-13 14:04:03'),(17,4,3,'Mineralis persuadere omnes finises desiderium. Pellentesque et sapien pulvinar consectetur. Curabitur aliquam euismod dolor non ornare. Bassus fatalis classiss virtualiter transferre de flavum. Ut suscipit posuere justo at vulputate. Vae humani generis. Eposs sunt solems de superbus fortis. Mauris dapibus risus quis suscipit vulputate. ','2023-02-13 14:04:04'),(18,4,3,'Silva de secundus galatae demitto quadra. Eros diam egestas libero eu vulputate risus. Aliquam sodales odio id eleifend tristique. Mineralis persuadere omnes finises desiderium. Teres talis saepe tractare de camerarius flavum sensorem. Sed varius a risus eget aliquam. Pellentesque et sapien pulvinar consectetur. Sunt accentores vitare salvus flavum parses. Vae humani generis. Potus sensim ad ferox abnoba. ','2023-02-13 14:04:05'),(19,4,3,'Ubi est barbatus nix. Eros diam egestas libero eu vulputate risus. Nunc viverra elit ac laoreet suscipit. Mauris dapibus risus quis suscipit vulputate. Ut suscipit posuere justo at vulputate. Ubi est audax amicitia. Nulla porta lobortis ligula vel egestas. Sed varius a risus eget aliquam. Diatrias tolerare tanquam noster caesium. ','2023-02-13 14:04:06'),(20,4,3,'Vae humani generis. Urna nisl sollicitudin id varius orci quam id turpis. Nunc viverra elit ac laoreet suscipit. Lorem ipsum dolor sit amet consectetur adipiscing elit. Pellentesque vitae velit ex. Morbi tempus commodo mattis. Sunt accentores vitare salvus flavum parses. In hac habitasse platea dictumst. Era brevis ratione est. Pellentesque et sapien pulvinar consectetur. Silva de secundus galatae demitto quadra. ','2023-02-13 14:04:07'),(21,5,3,'Pellentesque vitae velit ex. Morbi tempus commodo mattis. Era brevis ratione est. Curabitur aliquam euismod dolor non ornare. Lorem ipsum dolor sit amet consectetur adipiscing elit. Sunt accentores vitare salvus flavum parses. Sed varius a risus eget aliquam. Abnobas sunt hilotaes de placidus vita. ','2023-02-13 14:04:03'),(22,5,3,'Ut eleifend mauris et risus ultrices egestas. Mauris dapibus risus quis suscipit vulputate. Nunc viverra elit ac laoreet suscipit. Ubi est barbatus nix. Sunt seculaes transferre talis camerarius fluctuies. Era brevis ratione est. Aliquam sodales odio id eleifend tristique. ','2023-02-13 14:04:04'),(23,5,3,'Lorem ipsum dolor sit amet consectetur adipiscing elit. Ut eleifend mauris et risus ultrices egestas. Ut suscipit posuere justo at vulputate. Nunc viverra elit ac laoreet suscipit. Eros diam egestas libero eu vulputate risus. Sunt seculaes transferre talis camerarius fluctuies. Silva de secundus galatae demitto quadra. Teres talis saepe tractare de camerarius flavum sensorem. Ubi est audax amicitia. ','2023-02-13 14:04:05'),(24,5,3,'Potus sensim ad ferox abnoba. Nulla porta lobortis ligula vel egestas. Eros diam egestas libero eu vulputate risus. Nunc viverra elit ac laoreet suscipit. Silva de secundus galatae demitto quadra. Sunt accentores vitare salvus flavum parses. Teres talis saepe tractare de camerarius flavum sensorem. Aliquam sodales odio id eleifend tristique. Mauris dapibus risus quis suscipit vulputate. Ubi est barbatus nix. Pellentesque vitae velit ex. Bassus fatalis classiss virtualiter transferre de flavum. ','2023-02-13 14:04:06'),(25,5,3,'Sunt torquises imitari velox mirabilis medicinaes. Ut eleifend mauris et risus ultrices egestas. Eposs sunt solems de superbus fortis. Abnobas sunt hilotaes de placidus vita. In hac habitasse platea dictumst. Ubi est audax amicitia. Potus sensim ad ferox abnoba. Morbi tempus commodo mattis. ','2023-02-13 14:04:07'),(26,6,3,'Lorem ipsum dolor sit amet consectetur adipiscing elit. Sed varius a risus eget aliquam. Teres talis saepe tractare de camerarius flavum sensorem. Ubi est audax amicitia. Ut eleifend mauris et risus ultrices egestas. Sunt seculaes transferre talis camerarius fluctuies. Era brevis ratione est. Morbi tempus commodo mattis. ','2023-02-13 14:04:03'),(27,6,3,'Diatrias tolerare tanquam noster caesium. Bassus fatalis classiss virtualiter transferre de flavum. Silva de secundus galatae demitto quadra. Morbi tempus commodo mattis. Nulla porta lobortis ligula vel egestas. Mineralis persuadere omnes finises desiderium. Vae humani generis. Mauris dapibus risus quis suscipit vulputate. Sed varius a risus eget aliquam. Pellentesque et sapien pulvinar consectetur. ','2023-02-13 14:04:04'),(28,6,3,'Sunt torquises imitari velox mirabilis medicinaes. Eros diam egestas libero eu vulputate risus. Bassus fatalis classiss virtualiter transferre de flavum. Eposs sunt solems de superbus fortis. Mauris dapibus risus quis suscipit vulputate. Teres talis saepe tractare de camerarius flavum sensorem. Pellentesque vitae velit ex. ','2023-02-13 14:04:05'),(29,6,3,'In hac habitasse platea dictumst. Aliquam sodales odio id eleifend tristique. Teres talis saepe tractare de camerarius flavum sensorem. Eros diam egestas libero eu vulputate risus. Vae humani generis. Potus sensim ad ferox abnoba. Pellentesque et sapien pulvinar consectetur. ','2023-02-13 14:04:06'),(30,6,3,'Sed varius a risus eget aliquam. Potus sensim ad ferox abnoba. Eros diam egestas libero eu vulputate risus. Curabitur aliquam euismod dolor non ornare. Era brevis ratione est. Bassus fatalis classiss virtualiter transferre de flavum. Mineralis persuadere omnes finises desiderium. Nunc viverra elit ac laoreet suscipit. Mauris dapibus risus quis suscipit vulputate. ','2023-02-13 14:04:07'),(31,7,3,'Abnobas sunt hilotaes de placidus vita. Ut suscipit posuere justo at vulputate. Ubi est barbatus nix. Mauris dapibus risus quis suscipit vulputate. Mineralis persuadere omnes finises desiderium. Diatrias tolerare tanquam noster caesium. ','2023-02-13 14:04:03'),(32,7,3,'Eros diam egestas libero eu vulputate risus. Lorem ipsum dolor sit amet consectetur adipiscing elit. Eposs sunt solems de superbus fortis. Mauris dapibus risus quis suscipit vulputate. Nulla porta lobortis ligula vel egestas. Pellentesque vitae velit ex. Nunc viverra elit ac laoreet suscipit. ','2023-02-13 14:04:04'),(33,7,3,'Mineralis persuadere omnes finises desiderium. In hac habitasse platea dictumst. Era brevis ratione est. Potus sensim ad ferox abnoba. Ubi est audax amicitia. Eros diam egestas libero eu vulputate risus. Curabitur aliquam euismod dolor non ornare. Eposs sunt solems de superbus fortis. Diatrias tolerare tanquam noster caesium. Bassus fatalis classiss virtualiter transferre de flavum. Pellentesque et sapien pulvinar consectetur. ','2023-02-13 14:04:05'),(34,7,3,'Bassus fatalis classiss virtualiter transferre de flavum. Sunt accentores vitare salvus flavum parses. Ut suscipit posuere justo at vulputate. Mauris dapibus risus quis suscipit vulputate. Pellentesque et sapien pulvinar consectetur. Mineralis persuadere omnes finises desiderium. Silva de secundus galatae demitto quadra. Diatrias tolerare tanquam noster caesium. ','2023-02-13 14:04:06'),(35,7,3,'Ut suscipit posuere justo at vulputate. Ubi est barbatus nix. Sed varius a risus eget aliquam. Sunt seculaes transferre talis camerarius fluctuies. Mineralis persuadere omnes finises desiderium. Urna nisl sollicitudin id varius orci quam id turpis. Eros diam egestas libero eu vulputate risus. Abnobas sunt hilotaes de placidus vita. Pellentesque vitae velit ex. Nunc viverra elit ac laoreet suscipit. ','2023-02-13 14:04:07'),(36,8,3,'Eros diam egestas libero eu vulputate risus. Nunc viverra elit ac laoreet suscipit. Silva de secundus galatae demitto quadra. Sunt accentores vitare salvus flavum parses. In hac habitasse platea dictumst. Morbi tempus commodo mattis. Urna nisl sollicitudin id varius orci quam id turpis. Abnobas sunt hilotaes de placidus vita. ','2023-02-13 14:04:03'),(37,8,3,'Mineralis persuadere omnes finises desiderium. Ut eleifend mauris et risus ultrices egestas. Mauris dapibus risus quis suscipit vulputate. Sunt torquises imitari velox mirabilis medicinaes. Vae humani generis. Silva de secundus galatae demitto quadra. Bassus fatalis classiss virtualiter transferre de flavum. ','2023-02-13 14:04:04'),(38,8,3,'Sunt seculaes transferre talis camerarius fluctuies. Bassus fatalis classiss virtualiter transferre de flavum. Aliquam sodales odio id eleifend tristique. Curabitur aliquam euismod dolor non ornare. Eros diam egestas libero eu vulputate risus. ','2023-02-13 14:04:05'),(39,8,3,'Mauris dapibus risus quis suscipit vulputate. Ut suscipit posuere justo at vulputate. Eros diam egestas libero eu vulputate risus. Sunt torquises imitari velox mirabilis medicinaes. In hac habitasse platea dictumst. Pellentesque vitae velit ex. ','2023-02-13 14:04:06'),(40,8,3,'Ubi est barbatus nix. Sunt seculaes transferre talis camerarius fluctuies. Pellentesque et sapien pulvinar consectetur. Nunc viverra elit ac laoreet suscipit. Potus sensim ad ferox abnoba. Abnobas sunt hilotaes de placidus vita. Diatrias tolerare tanquam noster caesium. Pellentesque vitae velit ex. Lorem ipsum dolor sit amet consectetur adipiscing elit. Ut suscipit posuere justo at vulputate. Bassus fatalis classiss virtualiter transferre de flavum. ','2023-02-13 14:04:07'),(41,9,3,'Aliquam sodales odio id eleifend tristique. Ut eleifend mauris et risus ultrices egestas. Ubi est audax amicitia. Eros diam egestas libero eu vulputate risus. Nunc viverra elit ac laoreet suscipit. Sunt accentores vitare salvus flavum parses. Lorem ipsum dolor sit amet consectetur adipiscing elit. Potus sensim ad ferox abnoba. Eposs sunt solems de superbus fortis. Pellentesque et sapien pulvinar consectetur. Ut suscipit posuere justo at vulputate. Morbi tempus commodo mattis. Era brevis ratione est. ','2023-02-13 14:04:03'),(42,9,3,'Pellentesque et sapien pulvinar consectetur. Era brevis ratione est. Teres talis saepe tractare de camerarius flavum sensorem. Ubi est barbatus nix. Silva de secundus galatae demitto quadra. Nunc viverra elit ac laoreet suscipit. Morbi tempus commodo mattis. Abnobas sunt hilotaes de placidus vita. Sunt seculaes transferre talis camerarius fluctuies. Eros diam egestas libero eu vulputate risus. ','2023-02-13 14:04:04'),(43,9,3,'Sunt accentores vitare salvus flavum parses. Ubi est audax amicitia. Eros diam egestas libero eu vulputate risus. Pellentesque et sapien pulvinar consectetur. Era brevis ratione est. Ut eleifend mauris et risus ultrices egestas. Morbi tempus commodo mattis. Nulla porta lobortis ligula vel egestas. Nunc viverra elit ac laoreet suscipit. Mauris dapibus risus quis suscipit vulputate. Potus sensim ad ferox abnoba. Ubi est barbatus nix. ','2023-02-13 14:04:05'),(44,9,3,'Bassus fatalis classiss virtualiter transferre de flavum. Pellentesque et sapien pulvinar consectetur. Diatrias tolerare tanquam noster caesium. Nulla porta lobortis ligula vel egestas. Abnobas sunt hilotaes de placidus vita. Sunt accentores vitare salvus flavum parses. Ubi est barbatus nix. Sunt torquises imitari velox mirabilis medicinaes. Ut eleifend mauris et risus ultrices egestas. Eposs sunt solems de superbus fortis. Mineralis persuadere omnes finises desiderium. Pellentesque vitae velit ex. ','2023-02-13 14:04:06'),(45,9,3,'Abnobas sunt hilotaes de placidus vita. Sed varius a risus eget aliquam. Aliquam sodales odio id eleifend tristique. Bassus fatalis classiss virtualiter transferre de flavum. Curabitur aliquam euismod dolor non ornare. Mauris dapibus risus quis suscipit vulputate. Potus sensim ad ferox abnoba. Eros diam egestas libero eu vulputate risus. ','2023-02-13 14:04:07'),(46,10,3,'Morbi tempus commodo mattis. Aliquam sodales odio id eleifend tristique. Pellentesque et sapien pulvinar consectetur. Urna nisl sollicitudin id varius orci quam id turpis. Era brevis ratione est. Ut suscipit posuere justo at vulputate. Eros diam egestas libero eu vulputate risus. ','2023-02-13 14:04:03'),(47,10,3,'Potus sensim ad ferox abnoba. Sunt accentores vitare salvus flavum parses. Ut suscipit posuere justo at vulputate. Lorem ipsum dolor sit amet consectetur adipiscing elit. Aliquam sodales odio id eleifend tristique. Era brevis ratione est. Nunc viverra elit ac laoreet suscipit. Diatrias tolerare tanquam noster caesium. Bassus fatalis classiss virtualiter transferre de flavum. Ubi est barbatus nix. ','2023-02-13 14:04:04'),(48,10,3,'Urna nisl sollicitudin id varius orci quam id turpis. Potus sensim ad ferox abnoba. Pellentesque et sapien pulvinar consectetur. Mauris dapibus risus quis suscipit vulputate. Era brevis ratione est. Sunt seculaes transferre talis camerarius fluctuies. ','2023-02-13 14:04:05'),(49,10,3,'Sunt seculaes transferre talis camerarius fluctuies. Bassus fatalis classiss virtualiter transferre de flavum. Ubi est barbatus nix. Teres talis saepe tractare de camerarius flavum sensorem. Mineralis persuadere omnes finises desiderium. Sunt torquises imitari velox mirabilis medicinaes. ','2023-02-13 14:04:06'),(50,10,3,'In hac habitasse platea dictumst. Abnobas sunt hilotaes de placidus vita. Diatrias tolerare tanquam noster caesium. Vae humani generis. Teres talis saepe tractare de camerarius flavum sensorem. Curabitur aliquam euismod dolor non ornare. Lorem ipsum dolor sit amet consectetur adipiscing elit. Ut suscipit posuere justo at vulputate. ','2023-02-13 14:04:07'),(51,11,3,'Mauris dapibus risus quis suscipit vulputate. Bassus fatalis classiss virtualiter transferre de flavum. Pellentesque vitae velit ex. Abnobas sunt hilotaes de placidus vita. In hac habitasse platea dictumst. Nunc viverra elit ac laoreet suscipit. Nulla porta lobortis ligula vel egestas. Diatrias tolerare tanquam noster caesium. Ubi est barbatus nix. ','2023-02-13 14:04:03'),(52,11,3,'Ubi est audax amicitia. Era brevis ratione est. Bassus fatalis classiss virtualiter transferre de flavum. Ubi est barbatus nix. Potus sensim ad ferox abnoba. Pellentesque vitae velit ex. Ut suscipit posuere justo at vulputate. Eros diam egestas libero eu vulputate risus. Mauris dapibus risus quis suscipit vulputate. Morbi tempus commodo mattis. ','2023-02-13 14:04:04'),(53,11,3,'Abnobas sunt hilotaes de placidus vita. Urna nisl sollicitudin id varius orci quam id turpis. Nulla porta lobortis ligula vel egestas. Silva de secundus galatae demitto quadra. Mauris dapibus risus quis suscipit vulputate. Ut suscipit posuere justo at vulputate. Nunc viverra elit ac laoreet suscipit. Morbi tempus commodo mattis. Aliquam sodales odio id eleifend tristique. ','2023-02-13 14:04:05'),(54,11,3,'Nulla porta lobortis ligula vel egestas. Ut eleifend mauris et risus ultrices egestas. Abnobas sunt hilotaes de placidus vita. Nunc viverra elit ac laoreet suscipit. Ubi est barbatus nix. Sunt seculaes transferre talis camerarius fluctuies. Sunt accentores vitare salvus flavum parses. Ut suscipit posuere justo at vulputate. Era brevis ratione est. Morbi tempus commodo mattis. Teres talis saepe tractare de camerarius flavum sensorem. ','2023-02-13 14:04:06'),(55,11,3,'Sunt torquises imitari velox mirabilis medicinaes. Nulla porta lobortis ligula vel egestas. Aliquam sodales odio id eleifend tristique. Bassus fatalis classiss virtualiter transferre de flavum. Silva de secundus galatae demitto quadra. Nunc viverra elit ac laoreet suscipit. Sunt accentores vitare salvus flavum parses. Diatrias tolerare tanquam noster caesium. ','2023-02-13 14:04:07'),(56,12,3,'Era brevis ratione est. Eposs sunt solems de superbus fortis. Silva de secundus galatae demitto quadra. In hac habitasse platea dictumst. Ut eleifend mauris et risus ultrices egestas. Sunt accentores vitare salvus flavum parses. Pellentesque vitae velit ex. Vae humani generis. Sed varius a risus eget aliquam. Nulla porta lobortis ligula vel egestas. ','2023-02-13 14:04:03'),(57,12,3,'Vae humani generis. Nulla porta lobortis ligula vel egestas. Bassus fatalis classiss virtualiter transferre de flavum. Morbi tempus commodo mattis. Mauris dapibus risus quis suscipit vulputate. Silva de secundus galatae demitto quadra. Curabitur aliquam euismod dolor non ornare. Abnobas sunt hilotaes de placidus vita. ','2023-02-13 14:04:04'),(58,12,3,'Abnobas sunt hilotaes de placidus vita. Mauris dapibus risus quis suscipit vulputate. Diatrias tolerare tanquam noster caesium. Morbi tempus commodo mattis. Ut suscipit posuere justo at vulputate. Ubi est barbatus nix. Urna nisl sollicitudin id varius orci quam id turpis. Teres talis saepe tractare de camerarius flavum sensorem. Aliquam sodales odio id eleifend tristique. Eposs sunt solems de superbus fortis. Sunt accentores vitare salvus flavum parses. ','2023-02-13 14:04:05'),(59,12,3,'Abnobas sunt hilotaes de placidus vita. Vae humani generis. Eposs sunt solems de superbus fortis. Sunt accentores vitare salvus flavum parses. Sed varius a risus eget aliquam. Diatrias tolerare tanquam noster caesium. Ubi est barbatus nix. Sunt seculaes transferre talis camerarius fluctuies. Era brevis ratione est. Mauris dapibus risus quis suscipit vulputate. Ubi est audax amicitia. Urna nisl sollicitudin id varius orci quam id turpis. ','2023-02-13 14:04:06'),(60,12,3,'Lorem ipsum dolor sit amet consectetur adipiscing elit. Ut eleifend mauris et risus ultrices egestas. Eros diam egestas libero eu vulputate risus. Pellentesque et sapien pulvinar consectetur. Ubi est barbatus nix. Sed varius a risus eget aliquam. Sunt seculaes transferre talis camerarius fluctuies. Silva de secundus galatae demitto quadra. Ubi est audax amicitia. Nunc viverra elit ac laoreet suscipit. Ut suscipit posuere justo at vulputate. ','2023-02-13 14:04:07'),(61,13,3,'Sunt torquises imitari velox mirabilis medicinaes. Morbi tempus commodo mattis. Potus sensim ad ferox abnoba. Mauris dapibus risus quis suscipit vulputate. Vae humani generis. Diatrias tolerare tanquam noster caesium. Sed varius a risus eget aliquam. Sunt accentores vitare salvus flavum parses. Curabitur aliquam euismod dolor non ornare. Pellentesque et sapien pulvinar consectetur. Aliquam sodales odio id eleifend tristique. ','2023-02-13 14:04:03'),(62,13,3,'Silva de secundus galatae demitto quadra. Ut suscipit posuere justo at vulputate. Sunt seculaes transferre talis camerarius fluctuies. Morbi tempus commodo mattis. Pellentesque vitae velit ex. Mineralis persuadere omnes finises desiderium. Sed varius a risus eget aliquam. Eros diam egestas libero eu vulputate risus. Vae humani generis. Bassus fatalis classiss virtualiter transferre de flavum. Sunt torquises imitari velox mirabilis medicinaes. ','2023-02-13 14:04:04'),(63,13,3,'Eposs sunt solems de superbus fortis. Era brevis ratione est. Nunc viverra elit ac laoreet suscipit. Sunt seculaes transferre talis camerarius fluctuies. Teres talis saepe tractare de camerarius flavum sensorem. Ubi est barbatus nix. Pellentesque vitae velit ex. Ut suscipit posuere justo at vulputate. Mauris dapibus risus quis suscipit vulputate. Sed varius a risus eget aliquam. Silva de secundus galatae demitto quadra. ','2023-02-13 14:04:05'),(64,13,3,'Lorem ipsum dolor sit amet consectetur adipiscing elit. Sed varius a risus eget aliquam. Morbi tempus commodo mattis. Ubi est audax amicitia. Ut eleifend mauris et risus ultrices egestas. Aliquam sodales odio id eleifend tristique. Ubi est barbatus nix. Ut suscipit posuere justo at vulputate. Mauris dapibus risus quis suscipit vulputate. Silva de secundus galatae demitto quadra. Pellentesque vitae velit ex. Pellentesque et sapien pulvinar consectetur. ','2023-02-13 14:04:06'),(65,13,3,'Urna nisl sollicitudin id varius orci quam id turpis. Abnobas sunt hilotaes de placidus vita. Aliquam sodales odio id eleifend tristique. Sunt accentores vitare salvus flavum parses. Pellentesque vitae velit ex. In hac habitasse platea dictumst. Curabitur aliquam euismod dolor non ornare. Eros diam egestas libero eu vulputate risus. Eposs sunt solems de superbus fortis. Potus sensim ad ferox abnoba. Ut eleifend mauris et risus ultrices egestas. Ubi est audax amicitia. ','2023-02-13 14:04:07'),(66,14,3,'Sed varius a risus eget aliquam. Ut suscipit posuere justo at vulputate. Era brevis ratione est. Nulla porta lobortis ligula vel egestas. Ubi est barbatus nix. Nunc viverra elit ac laoreet suscipit. Eposs sunt solems de superbus fortis. Urna nisl sollicitudin id varius orci quam id turpis. Abnobas sunt hilotaes de placidus vita. Morbi tempus commodo mattis. Mineralis persuadere omnes finises desiderium. Aliquam sodales odio id eleifend tristique. Diatrias tolerare tanquam noster caesium. ','2023-02-13 14:04:03'),(67,14,3,'Sed varius a risus eget aliquam. Abnobas sunt hilotaes de placidus vita. Eros diam egestas libero eu vulputate risus. Ubi est barbatus nix. Ut suscipit posuere justo at vulputate. Diatrias tolerare tanquam noster caesium. Bassus fatalis classiss virtualiter transferre de flavum. Vae humani generis. ','2023-02-13 14:04:04'),(68,14,3,'Eros diam egestas libero eu vulputate risus. Sunt accentores vitare salvus flavum parses. Vae humani generis. Bassus fatalis classiss virtualiter transferre de flavum. Nunc viverra elit ac laoreet suscipit. Sed varius a risus eget aliquam. Urna nisl sollicitudin id varius orci quam id turpis. Sunt torquises imitari velox mirabilis medicinaes. Abnobas sunt hilotaes de placidus vita. Eposs sunt solems de superbus fortis. Morbi tempus commodo mattis. Era brevis ratione est. ','2023-02-13 14:04:05'),(69,14,3,'Pellentesque et sapien pulvinar consectetur. Ut eleifend mauris et risus ultrices egestas. Sunt torquises imitari velox mirabilis medicinaes. Potus sensim ad ferox abnoba. Diatrias tolerare tanquam noster caesium. Morbi tempus commodo mattis. Pellentesque vitae velit ex. ','2023-02-13 14:04:06'),(70,14,3,'Ut eleifend mauris et risus ultrices egestas. Mauris dapibus risus quis suscipit vulputate. Sunt seculaes transferre talis camerarius fluctuies. Pellentesque vitae velit ex. Eposs sunt solems de superbus fortis. Potus sensim ad ferox abnoba. Ubi est barbatus nix. Bassus fatalis classiss virtualiter transferre de flavum. Sed varius a risus eget aliquam. Sunt torquises imitari velox mirabilis medicinaes. Mineralis persuadere omnes finises desiderium. Curabitur aliquam euismod dolor non ornare. ','2023-02-13 14:04:07'),(71,15,3,'Morbi tempus commodo mattis. Sunt seculaes transferre talis camerarius fluctuies. Eposs sunt solems de superbus fortis. Sunt accentores vitare salvus flavum parses. Sed varius a risus eget aliquam. Lorem ipsum dolor sit amet consectetur adipiscing elit. Pellentesque vitae velit ex. Sunt torquises imitari velox mirabilis medicinaes. Curabitur aliquam euismod dolor non ornare. Teres talis saepe tractare de camerarius flavum sensorem. Vae humani generis. ','2023-02-13 14:04:03'),(72,15,3,'Nunc viverra elit ac laoreet suscipit. Sunt accentores vitare salvus flavum parses. Ubi est audax amicitia. Sunt torquises imitari velox mirabilis medicinaes. Diatrias tolerare tanquam noster caesium. Bassus fatalis classiss virtualiter transferre de flavum. Silva de secundus galatae demitto quadra. ','2023-02-13 14:04:04'),(73,15,3,'Sed varius a risus eget aliquam. Aliquam sodales odio id eleifend tristique. In hac habitasse platea dictumst. Potus sensim ad ferox abnoba. Ut eleifend mauris et risus ultrices egestas. Lorem ipsum dolor sit amet consectetur adipiscing elit. Ubi est audax amicitia. Bassus fatalis classiss virtualiter transferre de flavum. Ubi est barbatus nix. Silva de secundus galatae demitto quadra. Pellentesque vitae velit ex. Nunc viverra elit ac laoreet suscipit. Vae humani generis. ','2023-02-13 14:04:05'),(74,15,3,'Sunt torquises imitari velox mirabilis medicinaes. Mineralis persuadere omnes finises desiderium. Lorem ipsum dolor sit amet consectetur adipiscing elit. Potus sensim ad ferox abnoba. Pellentesque vitae velit ex. Eros diam egestas libero eu vulputate risus. Pellentesque et sapien pulvinar consectetur. Urna nisl sollicitudin id varius orci quam id turpis. Eposs sunt solems de superbus fortis. Sed varius a risus eget aliquam. ','2023-02-13 14:04:06'),(75,15,3,'Ut suscipit posuere justo at vulputate. Sunt seculaes transferre talis camerarius fluctuies. Lorem ipsum dolor sit amet consectetur adipiscing elit. Potus sensim ad ferox abnoba. Ubi est barbatus nix. Pellentesque vitae velit ex. Mauris dapibus risus quis suscipit vulputate. ','2023-02-13 14:04:07'),(76,16,3,'Abnobas sunt hilotaes de placidus vita. Eros diam egestas libero eu vulputate risus. Morbi tempus commodo mattis. Potus sensim ad ferox abnoba. Urna nisl sollicitudin id varius orci quam id turpis. Diatrias tolerare tanquam noster caesium. Pellentesque et sapien pulvinar consectetur. Sunt torquises imitari velox mirabilis medicinaes. ','2023-02-13 14:04:03'),(77,16,3,'Ut suscipit posuere justo at vulputate. Ubi est barbatus nix. Abnobas sunt hilotaes de placidus vita. Potus sensim ad ferox abnoba. Urna nisl sollicitudin id varius orci quam id turpis. Sed varius a risus eget aliquam. Vae humani generis. Ubi est audax amicitia. Morbi tempus commodo mattis. Nulla porta lobortis ligula vel egestas. Curabitur aliquam euismod dolor non ornare. Eros diam egestas libero eu vulputate risus. ','2023-02-13 14:04:04'),(78,16,3,'Sunt seculaes transferre talis camerarius fluctuies. Curabitur aliquam euismod dolor non ornare. Eros diam egestas libero eu vulputate risus. Mineralis persuadere omnes finises desiderium. Bassus fatalis classiss virtualiter transferre de flavum. ','2023-02-13 14:04:05'),(79,16,3,'Ut suscipit posuere justo at vulputate. Aliquam sodales odio id eleifend tristique. Era brevis ratione est. Diatrias tolerare tanquam noster caesium. Urna nisl sollicitudin id varius orci quam id turpis. Nulla porta lobortis ligula vel egestas. Lorem ipsum dolor sit amet consectetur adipiscing elit. Nunc viverra elit ac laoreet suscipit. Bassus fatalis classiss virtualiter transferre de flavum. Abnobas sunt hilotaes de placidus vita. ','2023-02-13 14:04:06'),(80,16,3,'Eposs sunt solems de superbus fortis. Pellentesque vitae velit ex. Sed varius a risus eget aliquam. Ubi est barbatus nix. Sunt torquises imitari velox mirabilis medicinaes. Ut eleifend mauris et risus ultrices egestas. Pellentesque et sapien pulvinar consectetur. ','2023-02-13 14:04:07'),(81,17,3,'Sunt seculaes transferre talis camerarius fluctuies. Era brevis ratione est. Potus sensim ad ferox abnoba. Sed varius a risus eget aliquam. Eposs sunt solems de superbus fortis. Morbi tempus commodo mattis. Urna nisl sollicitudin id varius orci quam id turpis. Mauris dapibus risus quis suscipit vulputate. In hac habitasse platea dictumst. Nulla porta lobortis ligula vel egestas. Bassus fatalis classiss virtualiter transferre de flavum. ','2023-02-13 14:04:03'),(82,17,3,'Eros diam egestas libero eu vulputate risus. Lorem ipsum dolor sit amet consectetur adipiscing elit. Teres talis saepe tractare de camerarius flavum sensorem. Urna nisl sollicitudin id varius orci quam id turpis. Eposs sunt solems de superbus fortis. Ubi est barbatus nix. Ut eleifend mauris et risus ultrices egestas. Bassus fatalis classiss virtualiter transferre de flavum. Sunt torquises imitari velox mirabilis medicinaes. Mauris dapibus risus quis suscipit vulputate. ','2023-02-13 14:04:04'),(83,17,3,'Lorem ipsum dolor sit amet consectetur adipiscing elit. Silva de secundus galatae demitto quadra. Pellentesque et sapien pulvinar consectetur. Urna nisl sollicitudin id varius orci quam id turpis. Teres talis saepe tractare de camerarius flavum sensorem. ','2023-02-13 14:04:05'),(84,17,3,'Vae humani generis. Aliquam sodales odio id eleifend tristique. Sunt torquises imitari velox mirabilis medicinaes. Bassus fatalis classiss virtualiter transferre de flavum. In hac habitasse platea dictumst. Ut suscipit posuere justo at vulputate. Pellentesque et sapien pulvinar consectetur. Lorem ipsum dolor sit amet consectetur adipiscing elit. ','2023-02-13 14:04:06'),(85,17,3,'Sed varius a risus eget aliquam. Bassus fatalis classiss virtualiter transferre de flavum. Sunt torquises imitari velox mirabilis medicinaes. Silva de secundus galatae demitto quadra. Sunt accentores vitare salvus flavum parses. Ut eleifend mauris et risus ultrices egestas. Nunc viverra elit ac laoreet suscipit. ','2023-02-13 14:04:07'),(86,18,3,'Ut suscipit posuere justo at vulputate. Nunc viverra elit ac laoreet suscipit. Eposs sunt solems de superbus fortis. Aliquam sodales odio id eleifend tristique. Sunt accentores vitare salvus flavum parses. Teres talis saepe tractare de camerarius flavum sensorem. Pellentesque vitae velit ex. ','2023-02-13 14:04:03'),(87,18,3,'Bassus fatalis classiss virtualiter transferre de flavum. Lorem ipsum dolor sit amet consectetur adipiscing elit. Sunt torquises imitari velox mirabilis medicinaes. Mineralis persuadere omnes finises desiderium. Eros diam egestas libero eu vulputate risus. Potus sensim ad ferox abnoba. Nulla porta lobortis ligula vel egestas. Aliquam sodales odio id eleifend tristique. ','2023-02-13 14:04:04'),(88,18,3,'Era brevis ratione est. Sunt seculaes transferre talis camerarius fluctuies. Nunc viverra elit ac laoreet suscipit. Ut suscipit posuere justo at vulputate. Silva de secundus galatae demitto quadra. Mineralis persuadere omnes finises desiderium. Pellentesque et sapien pulvinar consectetur. Sunt torquises imitari velox mirabilis medicinaes. ','2023-02-13 14:04:05'),(89,18,3,'Vae humani generis. Ubi est barbatus nix. Ubi est audax amicitia. Era brevis ratione est. Abnobas sunt hilotaes de placidus vita. Sunt seculaes transferre talis camerarius fluctuies. Pellentesque vitae velit ex. Ut eleifend mauris et risus ultrices egestas. Sunt torquises imitari velox mirabilis medicinaes. ','2023-02-13 14:04:06'),(90,18,3,'Ut suscipit posuere justo at vulputate. Nulla porta lobortis ligula vel egestas. Eros diam egestas libero eu vulputate risus. Era brevis ratione est. Potus sensim ad ferox abnoba. Diatrias tolerare tanquam noster caesium. Sunt seculaes transferre talis camerarius fluctuies. Sed varius a risus eget aliquam. Lorem ipsum dolor sit amet consectetur adipiscing elit. Ubi est barbatus nix. Eposs sunt solems de superbus fortis. Sunt accentores vitare salvus flavum parses. ','2023-02-13 14:04:07'),(91,19,3,'Urna nisl sollicitudin id varius orci quam id turpis. Nulla porta lobortis ligula vel egestas. Bassus fatalis classiss virtualiter transferre de flavum. Ut suscipit posuere justo at vulputate. Abnobas sunt hilotaes de placidus vita. Silva de secundus galatae demitto quadra. Sunt torquises imitari velox mirabilis medicinaes. In hac habitasse platea dictumst. Pellentesque et sapien pulvinar consectetur. Morbi tempus commodo mattis. ','2023-02-13 14:04:03'),(92,19,3,'Curabitur aliquam euismod dolor non ornare. Sunt seculaes transferre talis camerarius fluctuies. Ubi est barbatus nix. Ut eleifend mauris et risus ultrices egestas. Ut suscipit posuere justo at vulputate. Bassus fatalis classiss virtualiter transferre de flavum. ','2023-02-13 14:04:04'),(93,19,3,'Mineralis persuadere omnes finises desiderium. Teres talis saepe tractare de camerarius flavum sensorem. Curabitur aliquam euismod dolor non ornare. Aliquam sodales odio id eleifend tristique. Sunt torquises imitari velox mirabilis medicinaes. Sunt accentores vitare salvus flavum parses. Pellentesque vitae velit ex. Silva de secundus galatae demitto quadra. ','2023-02-13 14:04:05'),(94,19,3,'Nulla porta lobortis ligula vel egestas. Urna nisl sollicitudin id varius orci quam id turpis. Sunt torquises imitari velox mirabilis medicinaes. Eposs sunt solems de superbus fortis. Sunt accentores vitare salvus flavum parses. Silva de secundus galatae demitto quadra. Ut eleifend mauris et risus ultrices egestas. In hac habitasse platea dictumst. Potus sensim ad ferox abnoba. ','2023-02-13 14:04:06'),(95,19,3,'Eposs sunt solems de superbus fortis. Sunt accentores vitare salvus flavum parses. In hac habitasse platea dictumst. Aliquam sodales odio id eleifend tristique. Mauris dapibus risus quis suscipit vulputate. Ut eleifend mauris et risus ultrices egestas. Vae humani generis. Eros diam egestas libero eu vulputate risus. ','2023-02-13 14:04:07'),(96,20,3,'Eros diam egestas libero eu vulputate risus. Ut suscipit posuere justo at vulputate. Urna nisl sollicitudin id varius orci quam id turpis. Lorem ipsum dolor sit amet consectetur adipiscing elit. Abnobas sunt hilotaes de placidus vita. Nunc viverra elit ac laoreet suscipit. Sed varius a risus eget aliquam. Era brevis ratione est. Mauris dapibus risus quis suscipit vulputate. Nulla porta lobortis ligula vel egestas. ','2023-02-13 14:04:03'),(97,20,3,'Bassus fatalis classiss virtualiter transferre de flavum. Mauris dapibus risus quis suscipit vulputate. Pellentesque et sapien pulvinar consectetur. Teres talis saepe tractare de camerarius flavum sensorem. Morbi tempus commodo mattis. Potus sensim ad ferox abnoba. In hac habitasse platea dictumst. Urna nisl sollicitudin id varius orci quam id turpis. Silva de secundus galatae demitto quadra. Sunt torquises imitari velox mirabilis medicinaes. Ubi est audax amicitia. ','2023-02-13 14:04:04'),(98,20,3,'Morbi tempus commodo mattis. Ut suscipit posuere justo at vulputate. Pellentesque et sapien pulvinar consectetur. Sed varius a risus eget aliquam. Aliquam sodales odio id eleifend tristique. Sunt seculaes transferre talis camerarius fluctuies. Potus sensim ad ferox abnoba. Mineralis persuadere omnes finises desiderium. Eposs sunt solems de superbus fortis. Ubi est audax amicitia. Nunc viverra elit ac laoreet suscipit. Sunt accentores vitare salvus flavum parses. ','2023-02-13 14:04:05'),(99,20,3,'Teres talis saepe tractare de camerarius flavum sensorem. Pellentesque et sapien pulvinar consectetur. Mineralis persuadere omnes finises desiderium. In hac habitasse platea dictumst. Sunt torquises imitari velox mirabilis medicinaes. ','2023-02-13 14:04:06'),(100,20,3,'Sed varius a risus eget aliquam. Ubi est audax amicitia. Era brevis ratione est. Diatrias tolerare tanquam noster caesium. Ut eleifend mauris et risus ultrices egestas. Nulla porta lobortis ligula vel egestas. Sunt seculaes transferre talis camerarius fluctuies. Urna nisl sollicitudin id varius orci quam id turpis. Silva de secundus galatae demitto quadra. Vae humani generis. Ubi est barbatus nix. Lorem ipsum dolor sit amet consectetur adipiscing elit. ','2023-02-13 14:04:07'),(101,21,3,'Pellentesque vitae velit ex. Vae humani generis. Nunc viverra elit ac laoreet suscipit. Teres talis saepe tractare de camerarius flavum sensorem. Curabitur aliquam euismod dolor non ornare. Potus sensim ad ferox abnoba. Diatrias tolerare tanquam noster caesium. Bassus fatalis classiss virtualiter transferre de flavum. Nulla porta lobortis ligula vel egestas. Mineralis persuadere omnes finises desiderium. ','2023-02-13 14:04:03'),(102,21,3,'Urna nisl sollicitudin id varius orci quam id turpis. Abnobas sunt hilotaes de placidus vita. Ut suscipit posuere justo at vulputate. Era brevis ratione est. Silva de secundus galatae demitto quadra. Lorem ipsum dolor sit amet consectetur adipiscing elit. Ubi est barbatus nix. ','2023-02-13 14:04:04'),(103,21,3,'Pellentesque et sapien pulvinar consectetur. Nunc viverra elit ac laoreet suscipit. Sunt seculaes transferre talis camerarius fluctuies. Morbi tempus commodo mattis. Pellentesque vitae velit ex. Ut eleifend mauris et risus ultrices egestas. ','2023-02-13 14:04:05'),(104,21,3,'In hac habitasse platea dictumst. Vae humani generis. Eros diam egestas libero eu vulputate risus. Mauris dapibus risus quis suscipit vulputate. Curabitur aliquam euismod dolor non ornare. Sunt torquises imitari velox mirabilis medicinaes. Era brevis ratione est. Teres talis saepe tractare de camerarius flavum sensorem. Lorem ipsum dolor sit amet consectetur adipiscing elit. Aliquam sodales odio id eleifend tristique. Ubi est audax amicitia. ','2023-02-13 14:04:06'),(105,21,3,'Nunc viverra elit ac laoreet suscipit. Eposs sunt solems de superbus fortis. Sunt torquises imitari velox mirabilis medicinaes. Diatrias tolerare tanquam noster caesium. In hac habitasse platea dictumst. Sunt accentores vitare salvus flavum parses. Ubi est barbatus nix. Sunt seculaes transferre talis camerarius fluctuies. Potus sensim ad ferox abnoba. Era brevis ratione est. Lorem ipsum dolor sit amet consectetur adipiscing elit. ','2023-02-13 14:04:07'),(106,22,3,'Sed varius a risus eget aliquam. Ubi est barbatus nix. Aliquam sodales odio id eleifend tristique. Ut eleifend mauris et risus ultrices egestas. Curabitur aliquam euismod dolor non ornare. Sunt torquises imitari velox mirabilis medicinaes. Pellentesque vitae velit ex. Mauris dapibus risus quis suscipit vulputate. Diatrias tolerare tanquam noster caesium. Lorem ipsum dolor sit amet consectetur adipiscing elit. Potus sensim ad ferox abnoba. ','2023-02-13 14:04:03'),(107,22,3,'Sunt accentores vitare salvus flavum parses. Vae humani generis. Mauris dapibus risus quis suscipit vulputate. Pellentesque vitae velit ex. Era brevis ratione est. Curabitur aliquam euismod dolor non ornare. Potus sensim ad ferox abnoba. Ubi est audax amicitia. Pellentesque et sapien pulvinar consectetur. Silva de secundus galatae demitto quadra. Teres talis saepe tractare de camerarius flavum sensorem. Eposs sunt solems de superbus fortis. Diatrias tolerare tanquam noster caesium. ','2023-02-13 14:04:04'),(108,22,3,'Nulla porta lobortis ligula vel egestas. Era brevis ratione est. Eposs sunt solems de superbus fortis. Lorem ipsum dolor sit amet consectetur adipiscing elit. Vae humani generis. Sunt seculaes transferre talis camerarius fluctuies. Pellentesque vitae velit ex. Teres talis saepe tractare de camerarius flavum sensorem. Abnobas sunt hilotaes de placidus vita. Ut eleifend mauris et risus ultrices egestas. ','2023-02-13 14:04:05'),(109,22,3,'Ut eleifend mauris et risus ultrices egestas. Sunt torquises imitari velox mirabilis medicinaes. Pellentesque vitae velit ex. Silva de secundus galatae demitto quadra. Nunc viverra elit ac laoreet suscipit. Ubi est barbatus nix. Morbi tempus commodo mattis. Eros diam egestas libero eu vulputate risus. Ut suscipit posuere justo at vulputate. Potus sensim ad ferox abnoba. Sunt accentores vitare salvus flavum parses. ','2023-02-13 14:04:06'),(110,22,3,'Lorem ipsum dolor sit amet consectetur adipiscing elit. Sed varius a risus eget aliquam. Era brevis ratione est. Nunc viverra elit ac laoreet suscipit. Mauris dapibus risus quis suscipit vulputate. Vae humani generis. Teres talis saepe tractare de camerarius flavum sensorem. Abnobas sunt hilotaes de placidus vita. Nulla porta lobortis ligula vel egestas. Potus sensim ad ferox abnoba. Curabitur aliquam euismod dolor non ornare. Ubi est barbatus nix. ','2023-02-13 14:04:07'),(111,23,3,'Mineralis persuadere omnes finises desiderium. Urna nisl sollicitudin id varius orci quam id turpis. Potus sensim ad ferox abnoba. Sunt accentores vitare salvus flavum parses. Sunt seculaes transferre talis camerarius fluctuies. Sed varius a risus eget aliquam. Pellentesque vitae velit ex. Eposs sunt solems de superbus fortis. Nunc viverra elit ac laoreet suscipit. Ubi est barbatus nix. ','2023-02-13 14:04:03'),(112,23,3,'Pellentesque et sapien pulvinar consectetur. Era brevis ratione est. Potus sensim ad ferox abnoba. Urna nisl sollicitudin id varius orci quam id turpis. Abnobas sunt hilotaes de placidus vita. Nunc viverra elit ac laoreet suscipit. Eros diam egestas libero eu vulputate risus. Nulla porta lobortis ligula vel egestas. Aliquam sodales odio id eleifend tristique. Curabitur aliquam euismod dolor non ornare. Sunt torquises imitari velox mirabilis medicinaes. ','2023-02-13 14:04:04'),(113,23,3,'Pellentesque et sapien pulvinar consectetur. Sed varius a risus eget aliquam. Silva de secundus galatae demitto quadra. Curabitur aliquam euismod dolor non ornare. Lorem ipsum dolor sit amet consectetur adipiscing elit. Aliquam sodales odio id eleifend tristique. Eros diam egestas libero eu vulputate risus. Teres talis saepe tractare de camerarius flavum sensorem. ','2023-02-13 14:04:05'),(114,23,3,'Sunt accentores vitare salvus flavum parses. Teres talis saepe tractare de camerarius flavum sensorem. Pellentesque vitae velit ex. Era brevis ratione est. Pellentesque et sapien pulvinar consectetur. Diatrias tolerare tanquam noster caesium. Sed varius a risus eget aliquam. In hac habitasse platea dictumst. Lorem ipsum dolor sit amet consectetur adipiscing elit. Eros diam egestas libero eu vulputate risus. Ubi est audax amicitia. Morbi tempus commodo mattis. ','2023-02-13 14:04:06'),(115,23,3,'Era brevis ratione est. Nulla porta lobortis ligula vel egestas. Silva de secundus galatae demitto quadra. Pellentesque vitae velit ex. Urna nisl sollicitudin id varius orci quam id turpis. Curabitur aliquam euismod dolor non ornare. Sunt seculaes transferre talis camerarius fluctuies. Sunt accentores vitare salvus flavum parses. ','2023-02-13 14:04:07'),(116,24,3,'Teres talis saepe tractare de camerarius flavum sensorem. Pellentesque vitae velit ex. Ut suscipit posuere justo at vulputate. Aliquam sodales odio id eleifend tristique. Potus sensim ad ferox abnoba. Curabitur aliquam euismod dolor non ornare. ','2023-02-13 14:04:03'),(117,24,3,'Pellentesque et sapien pulvinar consectetur. Ut eleifend mauris et risus ultrices egestas. Curabitur aliquam euismod dolor non ornare. Ubi est barbatus nix. Nunc viverra elit ac laoreet suscipit. Aliquam sodales odio id eleifend tristique. Abnobas sunt hilotaes de placidus vita. Silva de secundus galatae demitto quadra. Nulla porta lobortis ligula vel egestas. Teres talis saepe tractare de camerarius flavum sensorem. ','2023-02-13 14:04:04'),(118,24,3,'Era brevis ratione est. Urna nisl sollicitudin id varius orci quam id turpis. Sunt seculaes transferre talis camerarius fluctuies. Nulla porta lobortis ligula vel egestas. Potus sensim ad ferox abnoba. Silva de secundus galatae demitto quadra. In hac habitasse platea dictumst. Morbi tempus commodo mattis. Pellentesque et sapien pulvinar consectetur. Nunc viverra elit ac laoreet suscipit. ','2023-02-13 14:04:05'),(119,24,3,'Abnobas sunt hilotaes de placidus vita. Lorem ipsum dolor sit amet consectetur adipiscing elit. Ubi est barbatus nix. Sunt accentores vitare salvus flavum parses. Diatrias tolerare tanquam noster caesium. Pellentesque et sapien pulvinar consectetur. Morbi tempus commodo mattis. Mineralis persuadere omnes finises desiderium. Ut suscipit posuere justo at vulputate. ','2023-02-13 14:04:06'),(120,24,3,'Eros diam egestas libero eu vulputate risus. Urna nisl sollicitudin id varius orci quam id turpis. Aliquam sodales odio id eleifend tristique. Era brevis ratione est. Ut suscipit posuere justo at vulputate. Sed varius a risus eget aliquam. Pellentesque vitae velit ex. Sunt seculaes transferre talis camerarius fluctuies. Vae humani generis. In hac habitasse platea dictumst. ','2023-02-13 14:04:07'),(121,25,3,'Nunc viverra elit ac laoreet suscipit. Ubi est barbatus nix. Mauris dapibus risus quis suscipit vulputate. Nulla porta lobortis ligula vel egestas. Curabitur aliquam euismod dolor non ornare. Sed varius a risus eget aliquam. Mineralis persuadere omnes finises desiderium. Teres talis saepe tractare de camerarius flavum sensorem. ','2023-02-13 14:04:03'),(122,25,3,'Sunt seculaes transferre talis camerarius fluctuies. Ut suscipit posuere justo at vulputate. Nunc viverra elit ac laoreet suscipit. Lorem ipsum dolor sit amet consectetur adipiscing elit. Sed varius a risus eget aliquam. Eros diam egestas libero eu vulputate risus. Ubi est audax amicitia. Ubi est barbatus nix. ','2023-02-13 14:04:04'),(123,25,3,'Bassus fatalis classiss virtualiter transferre de flavum. Curabitur aliquam euismod dolor non ornare. Sunt seculaes transferre talis camerarius fluctuies. Morbi tempus commodo mattis. Sed varius a risus eget aliquam. Mineralis persuadere omnes finises desiderium. Teres talis saepe tractare de camerarius flavum sensorem. ','2023-02-13 14:04:05'),(124,25,3,'Ut eleifend mauris et risus ultrices egestas. Vae humani generis. Ubi est barbatus nix. Sunt accentores vitare salvus flavum parses. Silva de secundus galatae demitto quadra. Pellentesque et sapien pulvinar consectetur. Nulla porta lobortis ligula vel egestas. Bassus fatalis classiss virtualiter transferre de flavum. Morbi tempus commodo mattis. Eros diam egestas libero eu vulputate risus. Sunt seculaes transferre talis camerarius fluctuies. ','2023-02-13 14:04:06'),(125,25,3,'Aliquam sodales odio id eleifend tristique. Mauris dapibus risus quis suscipit vulputate. Eros diam egestas libero eu vulputate risus. Ubi est barbatus nix. Urna nisl sollicitudin id varius orci quam id turpis. In hac habitasse platea dictumst. Morbi tempus commodo mattis. Sunt torquises imitari velox mirabilis medicinaes. ','2023-02-13 14:04:07'),(126,26,3,'Sunt torquises imitari velox mirabilis medicinaes. Nulla porta lobortis ligula vel egestas. Eros diam egestas libero eu vulputate risus. Silva de secundus galatae demitto quadra. In hac habitasse platea dictumst. Mauris dapibus risus quis suscipit vulputate. Morbi tempus commodo mattis. Era brevis ratione est. Ubi est barbatus nix. Pellentesque vitae velit ex. Vae humani generis. Potus sensim ad ferox abnoba. ','2023-02-13 14:04:03'),(127,26,3,'Urna nisl sollicitudin id varius orci quam id turpis. Ut eleifend mauris et risus ultrices egestas. Sunt accentores vitare salvus flavum parses. Bassus fatalis classiss virtualiter transferre de flavum. Curabitur aliquam euismod dolor non ornare. Sed varius a risus eget aliquam. Era brevis ratione est. Sunt torquises imitari velox mirabilis medicinaes. ','2023-02-13 14:04:04'),(128,26,3,'Lorem ipsum dolor sit amet consectetur adipiscing elit. Silva de secundus galatae demitto quadra. Pellentesque et sapien pulvinar consectetur. Sunt seculaes transferre talis camerarius fluctuies. Potus sensim ad ferox abnoba. Vae humani generis. Aliquam sodales odio id eleifend tristique. Curabitur aliquam euismod dolor non ornare. Era brevis ratione est. Ubi est barbatus nix. Ut suscipit posuere justo at vulputate. ','2023-02-13 14:04:05'),(129,26,3,'Eposs sunt solems de superbus fortis. Curabitur aliquam euismod dolor non ornare. Sunt torquises imitari velox mirabilis medicinaes. Vae humani generis. Lorem ipsum dolor sit amet consectetur adipiscing elit. Sunt seculaes transferre talis camerarius fluctuies. Ubi est audax amicitia. ','2023-02-13 14:04:06'),(130,26,3,'Sunt accentores vitare salvus flavum parses. Mauris dapibus risus quis suscipit vulputate. Urna nisl sollicitudin id varius orci quam id turpis. Pellentesque vitae velit ex. Vae humani generis. Nunc viverra elit ac laoreet suscipit. Morbi tempus commodo mattis. ','2023-02-13 14:04:07'),(131,27,3,'Bassus fatalis classiss virtualiter transferre de flavum. Nulla porta lobortis ligula vel egestas. Morbi tempus commodo mattis. Sunt seculaes transferre talis camerarius fluctuies. Ubi est barbatus nix. Sunt accentores vitare salvus flavum parses. Diatrias tolerare tanquam noster caesium. Nunc viverra elit ac laoreet suscipit. Urna nisl sollicitudin id varius orci quam id turpis. Curabitur aliquam euismod dolor non ornare. Potus sensim ad ferox abnoba. Ubi est audax amicitia. ','2023-02-13 14:04:03'),(132,27,3,'Eros diam egestas libero eu vulputate risus. Mauris dapibus risus quis suscipit vulputate. Ubi est barbatus nix. Sed varius a risus eget aliquam. Aliquam sodales odio id eleifend tristique. Ut suscipit posuere justo at vulputate. Urna nisl sollicitudin id varius orci quam id turpis. Pellentesque et sapien pulvinar consectetur. Era brevis ratione est. ','2023-02-13 14:04:04'),(133,27,3,'Nulla porta lobortis ligula vel egestas. Morbi tempus commodo mattis. Pellentesque et sapien pulvinar consectetur. Bassus fatalis classiss virtualiter transferre de flavum. Ut eleifend mauris et risus ultrices egestas. Diatrias tolerare tanquam noster caesium. Urna nisl sollicitudin id varius orci quam id turpis. Sunt torquises imitari velox mirabilis medicinaes. Potus sensim ad ferox abnoba. Nunc viverra elit ac laoreet suscipit. ','2023-02-13 14:04:05'),(134,27,3,'Sunt seculaes transferre talis camerarius fluctuies. Mauris dapibus risus quis suscipit vulputate. Eposs sunt solems de superbus fortis. Aliquam sodales odio id eleifend tristique. Abnobas sunt hilotaes de placidus vita. Era brevis ratione est. Sunt accentores vitare salvus flavum parses. Morbi tempus commodo mattis. ','2023-02-13 14:04:06'),(135,27,3,'Nunc viverra elit ac laoreet suscipit. Potus sensim ad ferox abnoba. Ubi est barbatus nix. Teres talis saepe tractare de camerarius flavum sensorem. Sunt accentores vitare salvus flavum parses. Abnobas sunt hilotaes de placidus vita. Nulla porta lobortis ligula vel egestas. Pellentesque vitae velit ex. In hac habitasse platea dictumst. Ubi est audax amicitia. Lorem ipsum dolor sit amet consectetur adipiscing elit. Bassus fatalis classiss virtualiter transferre de flavum. ','2023-02-13 14:04:07'),(136,28,3,'Silva de secundus galatae demitto quadra. Mauris dapibus risus quis suscipit vulputate. Ubi est barbatus nix. Bassus fatalis classiss virtualiter transferre de flavum. Ut suscipit posuere justo at vulputate. Mineralis persuadere omnes finises desiderium. Eros diam egestas libero eu vulputate risus. Pellentesque et sapien pulvinar consectetur. Ubi est audax amicitia. ','2023-02-13 14:04:03'),(137,28,3,'Mauris dapibus risus quis suscipit vulputate. Silva de secundus galatae demitto quadra. Teres talis saepe tractare de camerarius flavum sensorem. Eros diam egestas libero eu vulputate risus. Mineralis persuadere omnes finises desiderium. Pellentesque vitae velit ex. Diatrias tolerare tanquam noster caesium. Bassus fatalis classiss virtualiter transferre de flavum. Nulla porta lobortis ligula vel egestas. Eposs sunt solems de superbus fortis. ','2023-02-13 14:04:04'),(138,28,3,'Bassus fatalis classiss virtualiter transferre de flavum. Sunt accentores vitare salvus flavum parses. Nulla porta lobortis ligula vel egestas. Lorem ipsum dolor sit amet consectetur adipiscing elit. Mineralis persuadere omnes finises desiderium. Potus sensim ad ferox abnoba. ','2023-02-13 14:04:05'),(139,28,3,'Nulla porta lobortis ligula vel egestas. Bassus fatalis classiss virtualiter transferre de flavum. Diatrias tolerare tanquam noster caesium. Urna nisl sollicitudin id varius orci quam id turpis. Sunt accentores vitare salvus flavum parses. Ubi est barbatus nix. Ut suscipit posuere justo at vulputate. Silva de secundus galatae demitto quadra. Mauris dapibus risus quis suscipit vulputate. Era brevis ratione est. Nunc viverra elit ac laoreet suscipit. ','2023-02-13 14:04:06'),(140,28,3,'Diatrias tolerare tanquam noster caesium. Mineralis persuadere omnes finises desiderium. Ut suscipit posuere justo at vulputate. Nulla porta lobortis ligula vel egestas. Mauris dapibus risus quis suscipit vulputate. Ut eleifend mauris et risus ultrices egestas. ','2023-02-13 14:04:07'),(141,29,3,'In hac habitasse platea dictumst. Eros diam egestas libero eu vulputate risus. Pellentesque vitae velit ex. Aliquam sodales odio id eleifend tristique. Teres talis saepe tractare de camerarius flavum sensorem. Morbi tempus commodo mattis. ','2023-02-13 14:04:03'),(142,29,3,'Bassus fatalis classiss virtualiter transferre de flavum. Urna nisl sollicitudin id varius orci quam id turpis. Eposs sunt solems de superbus fortis. Era brevis ratione est. Ut suscipit posuere justo at vulputate. Eros diam egestas libero eu vulputate risus. Diatrias tolerare tanquam noster caesium. ','2023-02-13 14:04:04'),(143,29,3,'Morbi tempus commodo mattis. In hac habitasse platea dictumst. Ubi est barbatus nix. Nulla porta lobortis ligula vel egestas. Sed varius a risus eget aliquam. Pellentesque vitae velit ex. Curabitur aliquam euismod dolor non ornare. Sunt torquises imitari velox mirabilis medicinaes. Eposs sunt solems de superbus fortis. Silva de secundus galatae demitto quadra. Ut suscipit posuere justo at vulputate. Vae humani generis. ','2023-02-13 14:04:05'),(144,29,3,'Abnobas sunt hilotaes de placidus vita. Sunt seculaes transferre talis camerarius fluctuies. Aliquam sodales odio id eleifend tristique. Nunc viverra elit ac laoreet suscipit. In hac habitasse platea dictumst. Ut eleifend mauris et risus ultrices egestas. Lorem ipsum dolor sit amet consectetur adipiscing elit. Curabitur aliquam euismod dolor non ornare. ','2023-02-13 14:04:06'),(145,29,3,'Ubi est barbatus nix. Pellentesque et sapien pulvinar consectetur. Mauris dapibus risus quis suscipit vulputate. Pellentesque vitae velit ex. Diatrias tolerare tanquam noster caesium. Aliquam sodales odio id eleifend tristique. ','2023-02-13 14:04:07'),(146,30,3,'Eros diam egestas libero eu vulputate risus. Ubi est audax amicitia. Sunt seculaes transferre talis camerarius fluctuies. Bassus fatalis classiss virtualiter transferre de flavum. Pellentesque et sapien pulvinar consectetur. Vae humani generis. Morbi tempus commodo mattis. Pellentesque vitae velit ex. Diatrias tolerare tanquam noster caesium. ','2023-02-13 14:04:03'),(147,30,3,'Silva de secundus galatae demitto quadra. Era brevis ratione est. Nulla porta lobortis ligula vel egestas. Sunt seculaes transferre talis camerarius fluctuies. Urna nisl sollicitudin id varius orci quam id turpis. Vae humani generis. Bassus fatalis classiss virtualiter transferre de flavum. ','2023-02-13 14:04:04'),(148,30,3,'Ut suscipit posuere justo at vulputate. Urna nisl sollicitudin id varius orci quam id turpis. Eros diam egestas libero eu vulputate risus. Ubi est barbatus nix. Silva de secundus galatae demitto quadra. Sunt seculaes transferre talis camerarius fluctuies. Mineralis persuadere omnes finises desiderium. Eposs sunt solems de superbus fortis. Ubi est audax amicitia. Nulla porta lobortis ligula vel egestas. Era brevis ratione est. ','2023-02-13 14:04:05'),(149,30,3,'Ubi est barbatus nix. Teres talis saepe tractare de camerarius flavum sensorem. Ubi est audax amicitia. Nunc viverra elit ac laoreet suscipit. Eposs sunt solems de superbus fortis. Aliquam sodales odio id eleifend tristique. Mineralis persuadere omnes finises desiderium. Lorem ipsum dolor sit amet consectetur adipiscing elit. Diatrias tolerare tanquam noster caesium. Pellentesque et sapien pulvinar consectetur. ','2023-02-13 14:04:06'),(150,30,3,'Nunc viverra elit ac laoreet suscipit. Ut eleifend mauris et risus ultrices egestas. Pellentesque vitae velit ex. Potus sensim ad ferox abnoba. Silva de secundus galatae demitto quadra. Mineralis persuadere omnes finises desiderium. Abnobas sunt hilotaes de placidus vita. ','2023-02-13 14:04:07');
/*!40000 ALTER TABLE `symfony_demo_comment` ENABLE KEYS */;
UNLOCK TABLES;

--
-- Table structure for table `symfony_demo_post`
--

DROP TABLE IF EXISTS `symfony_demo_post`;
/*!40101 SET @saved_cs_client     = @@character_set_client */;
/*!50503 SET character_set_client = utf8mb4 */;
CREATE TABLE `symfony_demo_post` (
  `id` int NOT NULL AUTO_INCREMENT,
  `author_id` int NOT NULL,
  `title` varchar(255) COLLATE utf8mb4_unicode_ci NOT NULL,
  `slug` varchar(255) COLLATE utf8mb4_unicode_ci NOT NULL,
  `summary` varchar(255) COLLATE utf8mb4_unicode_ci NOT NULL,
  `content` longtext COLLATE utf8mb4_unicode_ci NOT NULL,
  `published_at` datetime NOT NULL,
  PRIMARY KEY (`id`),
  KEY `IDX_58A92E65F675F31B` (`author_id`),
  CONSTRAINT `FK_58A92E65F675F31B` FOREIGN KEY (`author_id`) REFERENCES `symfony_demo_user` (`id`)
) ENGINE=InnoDB AUTO_INCREMENT=31 DEFAULT CHARSET=utf8mb4 COLLATE=utf8mb4_unicode_ci;
/*!40101 SET character_set_client = @saved_cs_client */;

--
-- Dumping data for table `symfony_demo_post`
--

LOCK TABLES `symfony_demo_post` WRITE;
/*!40000 ALTER TABLE `symfony_demo_post` DISABLE KEYS */;
INSERT INTO `symfony_demo_post` VALUES (1,1,'Lorem ipsum dolor sit amet consectetur adipiscing elit','lorem-ipsum-dolor-sit-amet-consectetur-adipiscing-elit','In hac habitasse platea dictumst. Pellentesque et sapien pulvinar consectetur. Abnobas sunt hilotaes de placidus vita. Mauris dapibus risus quis suscipit vulputate. Vae humani generis. Sunt seculaes transferre talis camerarius fluctuies.','Lorem ipsum dolor sit amet consectetur adipisicing elit, sed do eiusmod tempor\nincididunt ut labore et **dolore magna aliqua**: Duis aute irure dolor in\nreprehenderit in voluptate velit esse cillum dolore eu fugiat nulla pariatur.\nExcepteur sint occaecat cupidatat non proident, sunt in culpa qui officia\ndeserunt mollit anim id est laborum.\n\n  * Ut enim ad minim veniam\n  * Quis nostrud exercitation *ullamco laboris*\n  * Nisi ut aliquip ex ea commodo consequat\n\nPraesent id fermentum lorem. Ut est lorem, fringilla at accumsan nec, euismod at\nnunc. Aenean mattis sollicitudin mattis. Nullam pulvinar vestibulum bibendum.\nClass aptent taciti sociosqu ad litora torquent per conubia nostra, per inceptos\nhimenaeos. Fusce nulla purus, gravida ac interdum ut, blandit eget ex. Duis a\nluctus dolor.\n\nInteger auctor massa maximus nulla scelerisque accumsan. *Aliquam ac malesuada*\nex. Pellentesque tortor magna, vulputate eu vulputate ut, venenatis ac lectus.\nPraesent ut lacinia sem. Mauris a lectus eget felis mollis feugiat. Quisque\nefficitur, mi ut semper pulvinar, urna urna blandit massa, eget tincidunt augue\nnulla vitae est.\n\nUt posuere aliquet tincidunt. Aliquam erat volutpat. **Class aptent taciti**\nsociosqu ad litora torquent per conubia nostra, per inceptos himenaeos. Morbi\narcu orci, gravida eget aliquam eu, suscipit et ante. Morbi vulputate metus vel\nipsum finibus, ut dapibus massa feugiat. Vestibulum vel lobortis libero. Sed\ntincidunt tellus et viverra scelerisque. Pellentesque tincidunt cursus felis.\nSed in egestas erat.\n\nAliquam pulvinar interdum massa, vel ullamcorper ante consectetur eu. Vestibulum\nlacinia ac enim vel placerat. Integer pulvinar magna nec dui malesuada, nec\ncongue nisl dictum. Donec mollis nisl tortor, at congue erat consequat a. Nam\ntempus elit porta, blandit elit vel, viverra lorem. Sed sit amet tellus\ntincidunt, faucibus nisl in, aliquet libero.','2023-02-13 10:14:11'),(2,1,'Pellentesque vitae velit ex','pellentesque-vitae-velit-ex','Sunt torquises imitari velox mirabilis medicinaes. Morbi tempus commodo mattis. Vae humani generis. Pellentesque vitae velit ex. In hac habitasse platea dictumst. Lorem ipsum dolor sit amet consectetur adipiscing elit.','Lorem ipsum dolor sit amet consectetur adipisicing elit, sed do eiusmod tempor\nincididunt ut labore et **dolore magna aliqua**: Duis aute irure dolor in\nreprehenderit in voluptate velit esse cillum dolore eu fugiat nulla pariatur.\nExcepteur sint occaecat cupidatat non proident, sunt in culpa qui officia\ndeserunt mollit anim id est laborum.\n\n  * Ut enim ad minim veniam\n  * Quis nostrud exercitation *ullamco laboris*\n  * Nisi ut aliquip ex ea commodo consequat\n\nPraesent id fermentum lorem. Ut est lorem, fringilla at accumsan nec, euismod at\nnunc. Aenean mattis sollicitudin mattis. Nullam pulvinar vestibulum bibendum.\nClass aptent taciti sociosqu ad litora torquent per conubia nostra, per inceptos\nhimenaeos. Fusce nulla purus, gravida ac interdum ut, blandit eget ex. Duis a\nluctus dolor.\n\nInteger auctor massa maximus nulla scelerisque accumsan. *Aliquam ac malesuada*\nex. Pellentesque tortor magna, vulputate eu vulputate ut, venenatis ac lectus.\nPraesent ut lacinia sem. Mauris a lectus eget felis mollis feugiat. Quisque\nefficitur, mi ut semper pulvinar, urna urna blandit massa, eget tincidunt augue\nnulla vitae est.\n\nUt posuere aliquet tincidunt. Aliquam erat volutpat. **Class aptent taciti**\nsociosqu ad litora torquent per conubia nostra, per inceptos himenaeos. Morbi\narcu orci, gravida eget aliquam eu, suscipit et ante. Morbi vulputate metus vel\nipsum finibus, ut dapibus massa feugiat. Vestibulum vel lobortis libero. Sed\ntincidunt tellus et viverra scelerisque. Pellentesque tincidunt cursus felis.\nSed in egestas erat.\n\nAliquam pulvinar interdum massa, vel ullamcorper ante consectetur eu. Vestibulum\nlacinia ac enim vel placerat. Integer pulvinar magna nec dui malesuada, nec\ncongue nisl dictum. Donec mollis nisl tortor, at congue erat consequat a. Nam\ntempus elit porta, blandit elit vel, viverra lorem. Sed sit amet tellus\ntincidunt, faucibus nisl in, aliquet libero.','2023-02-12 17:48:59'),(3,2,'Mauris dapibus risus quis suscipit vulputate','mauris-dapibus-risus-quis-suscipit-vulputate','In hac habitasse platea dictumst. Vae humani generis. Nunc viverra elit ac laoreet suscipit. Ut suscipit posuere justo at vulputate. Urna nisl sollicitudin id varius orci quam id turpis. Abnobas sunt hilotaes de placidus vita. Era brevis ratione est.','Lorem ipsum dolor sit amet consectetur adipisicing elit, sed do eiusmod tempor\nincididunt ut labore et **dolore magna aliqua**: Duis aute irure dolor in\nreprehenderit in voluptate velit esse cillum dolore eu fugiat nulla pariatur.\nExcepteur sint occaecat cupidatat non proident, sunt in culpa qui officia\ndeserunt mollit anim id est laborum.\n\n  * Ut enim ad minim veniam\n  * Quis nostrud exercitation *ullamco laboris*\n  * Nisi ut aliquip ex ea commodo consequat\n\nPraesent id fermentum lorem. Ut est lorem, fringilla at accumsan nec, euismod at\nnunc. Aenean mattis sollicitudin mattis. Nullam pulvinar vestibulum bibendum.\nClass aptent taciti sociosqu ad litora torquent per conubia nostra, per inceptos\nhimenaeos. Fusce nulla purus, gravida ac interdum ut, blandit eget ex. Duis a\nluctus dolor.\n\nInteger auctor massa maximus nulla scelerisque accumsan. *Aliquam ac malesuada*\nex. Pellentesque tortor magna, vulputate eu vulputate ut, venenatis ac lectus.\nPraesent ut lacinia sem. Mauris a lectus eget felis mollis feugiat. Quisque\nefficitur, mi ut semper pulvinar, urna urna blandit massa, eget tincidunt augue\nnulla vitae est.\n\nUt posuere aliquet tincidunt. Aliquam erat volutpat. **Class aptent taciti**\nsociosqu ad litora torquent per conubia nostra, per inceptos himenaeos. Morbi\narcu orci, gravida eget aliquam eu, suscipit et ante. Morbi vulputate metus vel\nipsum finibus, ut dapibus massa feugiat. Vestibulum vel lobortis libero. Sed\ntincidunt tellus et viverra scelerisque. Pellentesque tincidunt cursus felis.\nSed in egestas erat.\n\nAliquam pulvinar interdum massa, vel ullamcorper ante consectetur eu. Vestibulum\nlacinia ac enim vel placerat. Integer pulvinar magna nec dui malesuada, nec\ncongue nisl dictum. Donec mollis nisl tortor, at congue erat consequat a. Nam\ntempus elit porta, blandit elit vel, viverra lorem. Sed sit amet tellus\ntincidunt, faucibus nisl in, aliquet libero.','2023-02-11 08:29:19'),(4,2,'Eros diam egestas libero eu vulputate risus','eros-diam-egestas-libero-eu-vulputate-risus','Nunc viverra elit ac laoreet suscipit. Eros diam egestas libero eu vulputate risus. Ut eleifend mauris et risus ultrices egestas. Curabitur aliquam euismod dolor non ornare. Silva de secundus galatae demitto quadra. Potus sensim ad ferox abnoba.','Lorem ipsum dolor sit amet consectetur adipisicing elit, sed do eiusmod tempor\nincididunt ut labore et **dolore magna aliqua**: Duis aute irure dolor in\nreprehenderit in voluptate velit esse cillum dolore eu fugiat nulla pariatur.\nExcepteur sint occaecat cupidatat non proident, sunt in culpa qui officia\ndeserunt mollit anim id est laborum.\n\n  * Ut enim ad minim veniam\n  * Quis nostrud exercitation *ullamco laboris*\n  * Nisi ut aliquip ex ea commodo consequat\n\nPraesent id fermentum lorem. Ut est lorem, fringilla at accumsan nec, euismod at\nnunc. Aenean mattis sollicitudin mattis. Nullam pulvinar vestibulum bibendum.\nClass aptent taciti sociosqu ad litora torquent per conubia nostra, per inceptos\nhimenaeos. Fusce nulla purus, gravida ac interdum ut, blandit eget ex. Duis a\nluctus dolor.\n\nInteger auctor massa maximus nulla scelerisque accumsan. *Aliquam ac malesuada*\nex. Pellentesque tortor magna, vulputate eu vulputate ut, venenatis ac lectus.\nPraesent ut lacinia sem. Mauris a lectus eget felis mollis feugiat. Quisque\nefficitur, mi ut semper pulvinar, urna urna blandit massa, eget tincidunt augue\nnulla vitae est.\n\nUt posuere aliquet tincidunt. Aliquam erat volutpat. **Class aptent taciti**\nsociosqu ad litora torquent per conubia nostra, per inceptos himenaeos. Morbi\narcu orci, gravida eget aliquam eu, suscipit et ante. Morbi vulputate metus vel\nipsum finibus, ut dapibus massa feugiat. Vestibulum vel lobortis libero. Sed\ntincidunt tellus et viverra scelerisque. Pellentesque tincidunt cursus felis.\nSed in egestas erat.\n\nAliquam pulvinar interdum massa, vel ullamcorper ante consectetur eu. Vestibulum\nlacinia ac enim vel placerat. Integer pulvinar magna nec dui malesuada, nec\ncongue nisl dictum. Donec mollis nisl tortor, at congue erat consequat a. Nam\ntempus elit porta, blandit elit vel, viverra lorem. Sed sit amet tellus\ntincidunt, faucibus nisl in, aliquet libero.','2023-02-10 10:46:44'),(5,2,'In hac habitasse platea dictumst','in-hac-habitasse-platea-dictumst','Diatrias tolerare tanquam noster caesium. Aliquam sodales odio id eleifend tristique. Sunt accentores vitare salvus flavum parses. Abnobas sunt hilotaes de placidus vita. Ut suscipit posuere justo at vulputate.','Lorem ipsum dolor sit amet consectetur adipisicing elit, sed do eiusmod tempor\nincididunt ut labore et **dolore magna aliqua**: Duis aute irure dolor in\nreprehenderit in voluptate velit esse cillum dolore eu fugiat nulla pariatur.\nExcepteur sint occaecat cupidatat non proident, sunt in culpa qui officia\ndeserunt mollit anim id est laborum.\n\n  * Ut enim ad minim veniam\n  * Quis nostrud exercitation *ullamco laboris*\n  * Nisi ut aliquip ex ea commodo consequat\n\nPraesent id fermentum lorem. Ut est lorem, fringilla at accumsan nec, euismod at\nnunc. Aenean mattis sollicitudin mattis. Nullam pulvinar vestibulum bibendum.\nClass aptent taciti sociosqu ad litora torquent per conubia nostra, per inceptos\nhimenaeos. Fusce nulla purus, gravida ac interdum ut, blandit eget ex. Duis a\nluctus dolor.\n\nInteger auctor massa maximus nulla scelerisque accumsan. *Aliquam ac malesuada*\nex. Pellentesque tortor magna, vulputate eu vulputate ut, venenatis ac lectus.\nPraesent ut lacinia sem. Mauris a lectus eget felis mollis feugiat. Quisque\nefficitur, mi ut semper pulvinar, urna urna blandit massa, eget tincidunt augue\nnulla vitae est.\n\nUt posuere aliquet tincidunt. Aliquam erat volutpat. **Class aptent taciti**\nsociosqu ad litora torquent per conubia nostra, per inceptos himenaeos. Morbi\narcu orci, gravida eget aliquam eu, suscipit et ante. Morbi vulputate metus vel\nipsum finibus, ut dapibus massa feugiat. Vestibulum vel lobortis libero. Sed\ntincidunt tellus et viverra scelerisque. Pellentesque tincidunt cursus felis.\nSed in egestas erat.\n\nAliquam pulvinar interdum massa, vel ullamcorper ante consectetur eu. Vestibulum\nlacinia ac enim vel placerat. Integer pulvinar magna nec dui malesuada, nec\ncongue nisl dictum. Donec mollis nisl tortor, at congue erat consequat a. Nam\ntempus elit porta, blandit elit vel, viverra lorem. Sed sit amet tellus\ntincidunt, faucibus nisl in, aliquet libero.','2023-02-09 17:26:29'),(6,1,'Morbi tempus commodo mattis','morbi-tempus-commodo-mattis','Eros diam egestas libero eu vulputate risus. Nulla porta lobortis ligula vel egestas. Sunt seculaes transferre talis camerarius fluctuies. Eposs sunt solems de superbus fortis. Mineralis persuadere omnes finises desiderium.','Lorem ipsum dolor sit amet consectetur adipisicing elit, sed do eiusmod tempor\nincididunt ut labore et **dolore magna aliqua**: Duis aute irure dolor in\nreprehenderit in voluptate velit esse cillum dolore eu fugiat nulla pariatur.\nExcepteur sint occaecat cupidatat non proident, sunt in culpa qui officia\ndeserunt mollit anim id est laborum.\n\n  * Ut enim ad minim veniam\n  * Quis nostrud exercitation *ullamco laboris*\n  * Nisi ut aliquip ex ea commodo consequat\n\nPraesent id fermentum lorem. Ut est lorem, fringilla at accumsan nec, euismod at\nnunc. Aenean mattis sollicitudin mattis. Nullam pulvinar vestibulum bibendum.\nClass aptent taciti sociosqu ad litora torquent per conubia nostra, per inceptos\nhimenaeos. Fusce nulla purus, gravida ac interdum ut, blandit eget ex. Duis a\nluctus dolor.\n\nInteger auctor massa maximus nulla scelerisque accumsan. *Aliquam ac malesuada*\nex. Pellentesque tortor magna, vulputate eu vulputate ut, venenatis ac lectus.\nPraesent ut lacinia sem. Mauris a lectus eget felis mollis feugiat. Quisque\nefficitur, mi ut semper pulvinar, urna urna blandit massa, eget tincidunt augue\nnulla vitae est.\n\nUt posuere aliquet tincidunt. Aliquam erat volutpat. **Class aptent taciti**\nsociosqu ad litora torquent per conubia nostra, per inceptos himenaeos. Morbi\narcu orci, gravida eget aliquam eu, suscipit et ante. Morbi vulputate metus vel\nipsum finibus, ut dapibus massa feugiat. Vestibulum vel lobortis libero. Sed\ntincidunt tellus et viverra scelerisque. Pellentesque tincidunt cursus felis.\nSed in egestas erat.\n\nAliquam pulvinar interdum massa, vel ullamcorper ante consectetur eu. Vestibulum\nlacinia ac enim vel placerat. Integer pulvinar magna nec dui malesuada, nec\ncongue nisl dictum. Donec mollis nisl tortor, at congue erat consequat a. Nam\ntempus elit porta, blandit elit vel, viverra lorem. Sed sit amet tellus\ntincidunt, faucibus nisl in, aliquet libero.','2023-02-08 13:16:46'),(7,2,'Ut suscipit posuere justo at vulputate','ut-suscipit-posuere-justo-at-vulputate','Ubi est audax amicitia. Sunt seculaes transferre talis camerarius fluctuies. Nunc viverra elit ac laoreet suscipit. Lorem ipsum dolor sit amet consectetur adipiscing elit. Silva de secundus galatae demitto quadra. Ut suscipit posuere justo at vulputate.','Lorem ipsum dolor sit amet consectetur adipisicing elit, sed do eiusmod tempor\nincididunt ut labore et **dolore magna aliqua**: Duis aute irure dolor in\nreprehenderit in voluptate velit esse cillum dolore eu fugiat nulla pariatur.\nExcepteur sint occaecat cupidatat non proident, sunt in culpa qui officia\ndeserunt mollit anim id est laborum.\n\n  * Ut enim ad minim veniam\n  * Quis nostrud exercitation *ullamco laboris*\n  * Nisi ut aliquip ex ea commodo consequat\n\nPraesent id fermentum lorem. Ut est lorem, fringilla at accumsan nec, euismod at\nnunc. Aenean mattis sollicitudin mattis. Nullam pulvinar vestibulum bibendum.\nClass aptent taciti sociosqu ad litora torquent per conubia nostra, per inceptos\nhimenaeos. Fusce nulla purus, gravida ac interdum ut, blandit eget ex. Duis a\nluctus dolor.\n\nInteger auctor massa maximus nulla scelerisque accumsan. *Aliquam ac malesuada*\nex. Pellentesque tortor magna, vulputate eu vulputate ut, venenatis ac lectus.\nPraesent ut lacinia sem. Mauris a lectus eget felis mollis feugiat. Quisque\nefficitur, mi ut semper pulvinar, urna urna blandit massa, eget tincidunt augue\nnulla vitae est.\n\nUt posuere aliquet tincidunt. Aliquam erat volutpat. **Class aptent taciti**\nsociosqu ad litora torquent per conubia nostra, per inceptos himenaeos. Morbi\narcu orci, gravida eget aliquam eu, suscipit et ante. Morbi vulputate metus vel\nipsum finibus, ut dapibus massa feugiat. Vestibulum vel lobortis libero. Sed\ntincidunt tellus et viverra scelerisque. Pellentesque tincidunt cursus felis.\nSed in egestas erat.\n\nAliquam pulvinar interdum massa, vel ullamcorper ante consectetur eu. Vestibulum\nlacinia ac enim vel placerat. Integer pulvinar magna nec dui malesuada, nec\ncongue nisl dictum. Donec mollis nisl tortor, at congue erat consequat a. Nam\ntempus elit porta, blandit elit vel, viverra lorem. Sed sit amet tellus\ntincidunt, faucibus nisl in, aliquet libero.','2023-02-07 11:30:20'),(8,1,'Ut eleifend mauris et risus ultrices egestas','ut-eleifend-mauris-et-risus-ultrices-egestas','Pellentesque et sapien pulvinar consectetur. Potus sensim ad ferox abnoba. Aliquam sodales odio id eleifend tristique. Ut suscipit posuere justo at vulputate. Eposs sunt solems de superbus fortis. Diatrias tolerare tanquam noster caesium.','Lorem ipsum dolor sit amet consectetur adipisicing elit, sed do eiusmod tempor\nincididunt ut labore et **dolore magna aliqua**: Duis aute irure dolor in\nreprehenderit in voluptate velit esse cillum dolore eu fugiat nulla pariatur.\nExcepteur sint occaecat cupidatat non proident, sunt in culpa qui officia\ndeserunt mollit anim id est laborum.\n\n  * Ut enim ad minim veniam\n  * Quis nostrud exercitation *ullamco laboris*\n  * Nisi ut aliquip ex ea commodo consequat\n\nPraesent id fermentum lorem. Ut est lorem, fringilla at accumsan nec, euismod at\nnunc. Aenean mattis sollicitudin mattis. Nullam pulvinar vestibulum bibendum.\nClass aptent taciti sociosqu ad litora torquent per conubia nostra, per inceptos\nhimenaeos. Fusce nulla purus, gravida ac interdum ut, blandit eget ex. Duis a\nluctus dolor.\n\nInteger auctor massa maximus nulla scelerisque accumsan. *Aliquam ac malesuada*\nex. Pellentesque tortor magna, vulputate eu vulputate ut, venenatis ac lectus.\nPraesent ut lacinia sem. Mauris a lectus eget felis mollis feugiat. Quisque\nefficitur, mi ut semper pulvinar, urna urna blandit massa, eget tincidunt augue\nnulla vitae est.\n\nUt posuere aliquet tincidunt. Aliquam erat volutpat. **Class aptent taciti**\nsociosqu ad litora torquent per conubia nostra, per inceptos himenaeos. Morbi\narcu orci, gravida eget aliquam eu, suscipit et ante. Morbi vulputate metus vel\nipsum finibus, ut dapibus massa feugiat. Vestibulum vel lobortis libero. Sed\ntincidunt tellus et viverra scelerisque. Pellentesque tincidunt cursus felis.\nSed in egestas erat.\n\nAliquam pulvinar interdum massa, vel ullamcorper ante consectetur eu. Vestibulum\nlacinia ac enim vel placerat. Integer pulvinar magna nec dui malesuada, nec\ncongue nisl dictum. Donec mollis nisl tortor, at congue erat consequat a. Nam\ntempus elit porta, blandit elit vel, viverra lorem. Sed sit amet tellus\ntincidunt, faucibus nisl in, aliquet libero.','2023-02-06 13:24:08'),(9,2,'Aliquam sodales odio id eleifend tristique','aliquam-sodales-odio-id-eleifend-tristique','Ubi est barbatus nix. Mineralis persuadere omnes finises desiderium. In hac habitasse platea dictumst. Ubi est audax amicitia. Ut eleifend mauris et risus ultrices egestas. Ut suscipit posuere justo at vulputate.','Lorem ipsum dolor sit amet consectetur adipisicing elit, sed do eiusmod tempor\nincididunt ut labore et **dolore magna aliqua**: Duis aute irure dolor in\nreprehenderit in voluptate velit esse cillum dolore eu fugiat nulla pariatur.\nExcepteur sint occaecat cupidatat non proident, sunt in culpa qui officia\ndeserunt mollit anim id est laborum.\n\n  * Ut enim ad minim veniam\n  * Quis nostrud exercitation *ullamco laboris*\n  * Nisi ut aliquip ex ea commodo consequat\n\nPraesent id fermentum lorem. Ut est lorem, fringilla at accumsan nec, euismod at\nnunc. Aenean mattis sollicitudin mattis. Nullam pulvinar vestibulum bibendum.\nClass aptent taciti sociosqu ad litora torquent per conubia nostra, per inceptos\nhimenaeos. Fusce nulla purus, gravida ac interdum ut, blandit eget ex. Duis a\nluctus dolor.\n\nInteger auctor massa maximus nulla scelerisque accumsan. *Aliquam ac malesuada*\nex. Pellentesque tortor magna, vulputate eu vulputate ut, venenatis ac lectus.\nPraesent ut lacinia sem. Mauris a lectus eget felis mollis feugiat. Quisque\nefficitur, mi ut semper pulvinar, urna urna blandit massa, eget tincidunt augue\nnulla vitae est.\n\nUt posuere aliquet tincidunt. Aliquam erat volutpat. **Class aptent taciti**\nsociosqu ad litora torquent per conubia nostra, per inceptos himenaeos. Morbi\narcu orci, gravida eget aliquam eu, suscipit et ante. Morbi vulputate metus vel\nipsum finibus, ut dapibus massa feugiat. Vestibulum vel lobortis libero. Sed\ntincidunt tellus et viverra scelerisque. Pellentesque tincidunt cursus felis.\nSed in egestas erat.\n\nAliquam pulvinar interdum massa, vel ullamcorper ante consectetur eu. Vestibulum\nlacinia ac enim vel placerat. Integer pulvinar magna nec dui malesuada, nec\ncongue nisl dictum. Donec mollis nisl tortor, at congue erat consequat a. Nam\ntempus elit porta, blandit elit vel, viverra lorem. Sed sit amet tellus\ntincidunt, faucibus nisl in, aliquet libero.','2023-02-05 11:15:03'),(10,1,'Urna nisl sollicitudin id varius orci quam id turpis','urna-nisl-sollicitudin-id-varius-orci-quam-id-turpis','Nunc viverra elit ac laoreet suscipit. Sunt torquises imitari velox mirabilis medicinaes. Mauris dapibus risus quis suscipit vulputate. Mineralis persuadere omnes finises desiderium. Diatrias tolerare tanquam noster caesium.','Lorem ipsum dolor sit amet consectetur adipisicing elit, sed do eiusmod tempor\nincididunt ut labore et **dolore magna aliqua**: Duis aute irure dolor in\nreprehenderit in voluptate velit esse cillum dolore eu fugiat nulla pariatur.\nExcepteur sint occaecat cupidatat non proident, sunt in culpa qui officia\ndeserunt mollit anim id est laborum.\n\n  * Ut enim ad minim veniam\n  * Quis nostrud exercitation *ullamco laboris*\n  * Nisi ut aliquip ex ea commodo consequat\n\nPraesent id fermentum lorem. Ut est lorem, fringilla at accumsan nec, euismod at\nnunc. Aenean mattis sollicitudin mattis. Nullam pulvinar vestibulum bibendum.\nClass aptent taciti sociosqu ad litora torquent per conubia nostra, per inceptos\nhimenaeos. Fusce nulla purus, gravida ac interdum ut, blandit eget ex. Duis a\nluctus dolor.\n\nInteger auctor massa maximus nulla scelerisque accumsan. *Aliquam ac malesuada*\nex. Pellentesque tortor magna, vulputate eu vulputate ut, venenatis ac lectus.\nPraesent ut lacinia sem. Mauris a lectus eget felis mollis feugiat. Quisque\nefficitur, mi ut semper pulvinar, urna urna blandit massa, eget tincidunt augue\nnulla vitae est.\n\nUt posuere aliquet tincidunt. Aliquam erat volutpat. **Class aptent taciti**\nsociosqu ad litora torquent per conubia nostra, per inceptos himenaeos. Morbi\narcu orci, gravida eget aliquam eu, suscipit et ante. Morbi vulputate metus vel\nipsum finibus, ut dapibus massa feugiat. Vestibulum vel lobortis libero. Sed\ntincidunt tellus et viverra scelerisque. Pellentesque tincidunt cursus felis.\nSed in egestas erat.\n\nAliquam pulvinar interdum massa, vel ullamcorper ante consectetur eu. Vestibulum\nlacinia ac enim vel placerat. Integer pulvinar magna nec dui malesuada, nec\ncongue nisl dictum. Donec mollis nisl tortor, at congue erat consequat a. Nam\ntempus elit porta, blandit elit vel, viverra lorem. Sed sit amet tellus\ntincidunt, faucibus nisl in, aliquet libero.','2023-02-04 14:15:04'),(11,1,'Nulla porta lobortis ligula vel egestas','nulla-porta-lobortis-ligula-vel-egestas','Lorem ipsum dolor sit amet consectetur adipiscing elit. Sunt accentores vitare salvus flavum parses. Mineralis persuadere omnes finises desiderium. Diatrias tolerare tanquam noster caesium. Ubi est audax amicitia.','Lorem ipsum dolor sit amet consectetur adipisicing elit, sed do eiusmod tempor\nincididunt ut labore et **dolore magna aliqua**: Duis aute irure dolor in\nreprehenderit in voluptate velit esse cillum dolore eu fugiat nulla pariatur.\nExcepteur sint occaecat cupidatat non proident, sunt in culpa qui officia\ndeserunt mollit anim id est laborum.\n\n  * Ut enim ad minim veniam\n  * Quis nostrud exercitation *ullamco laboris*\n  * Nisi ut aliquip ex ea commodo consequat\n\nPraesent id fermentum lorem. Ut est lorem, fringilla at accumsan nec, euismod at\nnunc. Aenean mattis sollicitudin mattis. Nullam pulvinar vestibulum bibendum.\nClass aptent taciti sociosqu ad litora torquent per conubia nostra, per inceptos\nhimenaeos. Fusce nulla purus, gravida ac interdum ut, blandit eget ex. Duis a\nluctus dolor.\n\nInteger auctor massa maximus nulla scelerisque accumsan. *Aliquam ac malesuada*\nex. Pellentesque tortor magna, vulputate eu vulputate ut, venenatis ac lectus.\nPraesent ut lacinia sem. Mauris a lectus eget felis mollis feugiat. Quisque\nefficitur, mi ut semper pulvinar, urna urna blandit massa, eget tincidunt augue\nnulla vitae est.\n\nUt posuere aliquet tincidunt. Aliquam erat volutpat. **Class aptent taciti**\nsociosqu ad litora torquent per conubia nostra, per inceptos himenaeos. Morbi\narcu orci, gravida eget aliquam eu, suscipit et ante. Morbi vulputate metus vel\nipsum finibus, ut dapibus massa feugiat. Vestibulum vel lobortis libero. Sed\ntincidunt tellus et viverra scelerisque. Pellentesque tincidunt cursus felis.\nSed in egestas erat.\n\nAliquam pulvinar interdum massa, vel ullamcorper ante consectetur eu. Vestibulum\nlacinia ac enim vel placerat. Integer pulvinar magna nec dui malesuada, nec\ncongue nisl dictum. Donec mollis nisl tortor, at congue erat consequat a. Nam\ntempus elit porta, blandit elit vel, viverra lorem. Sed sit amet tellus\ntincidunt, faucibus nisl in, aliquet libero.','2023-02-03 15:17:57'),(12,1,'Curabitur aliquam euismod dolor non ornare','curabitur-aliquam-euismod-dolor-non-ornare','Morbi tempus commodo mattis. Nunc viverra elit ac laoreet suscipit. Ut eleifend mauris et risus ultrices egestas. Ubi est audax amicitia. Era brevis ratione est. Abnobas sunt hilotaes de placidus vita. Vae humani generis. Pellentesque vitae velit ex.','Lorem ipsum dolor sit amet consectetur adipisicing elit, sed do eiusmod tempor\nincididunt ut labore et **dolore magna aliqua**: Duis aute irure dolor in\nreprehenderit in voluptate velit esse cillum dolore eu fugiat nulla pariatur.\nExcepteur sint occaecat cupidatat non proident, sunt in culpa qui officia\ndeserunt mollit anim id est laborum.\n\n  * Ut enim ad minim veniam\n  * Quis nostrud exercitation *ullamco laboris*\n  * Nisi ut aliquip ex ea commodo consequat\n\nPraesent id fermentum lorem. Ut est lorem, fringilla at accumsan nec, euismod at\nnunc. Aenean mattis sollicitudin mattis. Nullam pulvinar vestibulum bibendum.\nClass aptent taciti sociosqu ad litora torquent per conubia nostra, per inceptos\nhimenaeos. Fusce nulla purus, gravida ac interdum ut, blandit eget ex. Duis a\nluctus dolor.\n\nInteger auctor massa maximus nulla scelerisque accumsan. *Aliquam ac malesuada*\nex. Pellentesque tortor magna, vulputate eu vulputate ut, venenatis ac lectus.\nPraesent ut lacinia sem. Mauris a lectus eget felis mollis feugiat. Quisque\nefficitur, mi ut semper pulvinar, urna urna blandit massa, eget tincidunt augue\nnulla vitae est.\n\nUt posuere aliquet tincidunt. Aliquam erat volutpat. **Class aptent taciti**\nsociosqu ad litora torquent per conubia nostra, per inceptos himenaeos. Morbi\narcu orci, gravida eget aliquam eu, suscipit et ante. Morbi vulputate metus vel\nipsum finibus, ut dapibus massa feugiat. Vestibulum vel lobortis libero. Sed\ntincidunt tellus et viverra scelerisque. Pellentesque tincidunt cursus felis.\nSed in egestas erat.\n\nAliquam pulvinar interdum massa, vel ullamcorper ante consectetur eu. Vestibulum\nlacinia ac enim vel placerat. Integer pulvinar magna nec dui malesuada, nec\ncongue nisl dictum. Donec mollis nisl tortor, at congue erat consequat a. Nam\ntempus elit porta, blandit elit vel, viverra lorem. Sed sit amet tellus\ntincidunt, faucibus nisl in, aliquet libero.','2023-02-02 13:46:29'),(13,1,'Sed varius a risus eget aliquam','sed-varius-a-risus-eget-aliquam','Aliquam sodales odio id eleifend tristique. Mineralis persuadere omnes finises desiderium. Nunc viverra elit ac laoreet suscipit. Silva de secundus galatae demitto quadra. Ubi est barbatus nix. Pellentesque et sapien pulvinar consectetur.','Lorem ipsum dolor sit amet consectetur adipisicing elit, sed do eiusmod tempor\nincididunt ut labore et **dolore magna aliqua**: Duis aute irure dolor in\nreprehenderit in voluptate velit esse cillum dolore eu fugiat nulla pariatur.\nExcepteur sint occaecat cupidatat non proident, sunt in culpa qui officia\ndeserunt mollit anim id est laborum.\n\n  * Ut enim ad minim veniam\n  * Quis nostrud exercitation *ullamco laboris*\n  * Nisi ut aliquip ex ea commodo consequat\n\nPraesent id fermentum lorem. Ut est lorem, fringilla at accumsan nec, euismod at\nnunc. Aenean mattis sollicitudin mattis. Nullam pulvinar vestibulum bibendum.\nClass aptent taciti sociosqu ad litora torquent per conubia nostra, per inceptos\nhimenaeos. Fusce nulla purus, gravida ac interdum ut, blandit eget ex. Duis a\nluctus dolor.\n\nInteger auctor massa maximus nulla scelerisque accumsan. *Aliquam ac malesuada*\nex. Pellentesque tortor magna, vulputate eu vulputate ut, venenatis ac lectus.\nPraesent ut lacinia sem. Mauris a lectus eget felis mollis feugiat. Quisque\nefficitur, mi ut semper pulvinar, urna urna blandit massa, eget tincidunt augue\nnulla vitae est.\n\nUt posuere aliquet tincidunt. Aliquam erat volutpat. **Class aptent taciti**\nsociosqu ad litora torquent per conubia nostra, per inceptos himenaeos. Morbi\narcu orci, gravida eget aliquam eu, suscipit et ante. Morbi vulputate metus vel\nipsum finibus, ut dapibus massa feugiat. Vestibulum vel lobortis libero. Sed\ntincidunt tellus et viverra scelerisque. Pellentesque tincidunt cursus felis.\nSed in egestas erat.\n\nAliquam pulvinar interdum massa, vel ullamcorper ante consectetur eu. Vestibulum\nlacinia ac enim vel placerat. Integer pulvinar magna nec dui malesuada, nec\ncongue nisl dictum. Donec mollis nisl tortor, at congue erat consequat a. Nam\ntempus elit porta, blandit elit vel, viverra lorem. Sed sit amet tellus\ntincidunt, faucibus nisl in, aliquet libero.','2023-02-01 12:40:27'),(14,2,'Nunc viverra elit ac laoreet suscipit','nunc-viverra-elit-ac-laoreet-suscipit','Mauris dapibus risus quis suscipit vulputate. Eros diam egestas libero eu vulputate risus. Aliquam sodales odio id eleifend tristique. Teres talis saepe tractare de camerarius flavum sensorem. Urna nisl sollicitudin id varius orci quam id turpis.','Lorem ipsum dolor sit amet consectetur adipisicing elit, sed do eiusmod tempor\nincididunt ut labore et **dolore magna aliqua**: Duis aute irure dolor in\nreprehenderit in voluptate velit esse cillum dolore eu fugiat nulla pariatur.\nExcepteur sint occaecat cupidatat non proident, sunt in culpa qui officia\ndeserunt mollit anim id est laborum.\n\n  * Ut enim ad minim veniam\n  * Quis nostrud exercitation *ullamco laboris*\n  * Nisi ut aliquip ex ea commodo consequat\n\nPraesent id fermentum lorem. Ut est lorem, fringilla at accumsan nec, euismod at\nnunc. Aenean mattis sollicitudin mattis. Nullam pulvinar vestibulum bibendum.\nClass aptent taciti sociosqu ad litora torquent per conubia nostra, per inceptos\nhimenaeos. Fusce nulla purus, gravida ac interdum ut, blandit eget ex. Duis a\nluctus dolor.\n\nInteger auctor massa maximus nulla scelerisque accumsan. *Aliquam ac malesuada*\nex. Pellentesque tortor magna, vulputate eu vulputate ut, venenatis ac lectus.\nPraesent ut lacinia sem. Mauris a lectus eget felis mollis feugiat. Quisque\nefficitur, mi ut semper pulvinar, urna urna blandit massa, eget tincidunt augue\nnulla vitae est.\n\nUt posuere aliquet tincidunt. Aliquam erat volutpat. **Class aptent taciti**\nsociosqu ad litora torquent per conubia nostra, per inceptos himenaeos. Morbi\narcu orci, gravida eget aliquam eu, suscipit et ante. Morbi vulputate metus vel\nipsum finibus, ut dapibus massa feugiat. Vestibulum vel lobortis libero. Sed\ntincidunt tellus et viverra scelerisque. Pellentesque tincidunt cursus felis.\nSed in egestas erat.\n\nAliquam pulvinar interdum massa, vel ullamcorper ante consectetur eu. Vestibulum\nlacinia ac enim vel placerat. Integer pulvinar magna nec dui malesuada, nec\ncongue nisl dictum. Donec mollis nisl tortor, at congue erat consequat a. Nam\ntempus elit porta, blandit elit vel, viverra lorem. Sed sit amet tellus\ntincidunt, faucibus nisl in, aliquet libero.','2023-01-31 12:34:50'),(15,1,'Pellentesque et sapien pulvinar consectetur','pellentesque-et-sapien-pulvinar-consectetur','Sunt torquises imitari velox mirabilis medicinaes. Diatrias tolerare tanquam noster caesium. Potus sensim ad ferox abnoba. Urna nisl sollicitudin id varius orci quam id turpis. In hac habitasse platea dictumst. Nulla porta lobortis ligula vel egestas.','Lorem ipsum dolor sit amet consectetur adipisicing elit, sed do eiusmod tempor\nincididunt ut labore et **dolore magna aliqua**: Duis aute irure dolor in\nreprehenderit in voluptate velit esse cillum dolore eu fugiat nulla pariatur.\nExcepteur sint occaecat cupidatat non proident, sunt in culpa qui officia\ndeserunt mollit anim id est laborum.\n\n  * Ut enim ad minim veniam\n  * Quis nostrud exercitation *ullamco laboris*\n  * Nisi ut aliquip ex ea commodo consequat\n\nPraesent id fermentum lorem. Ut est lorem, fringilla at accumsan nec, euismod at\nnunc. Aenean mattis sollicitudin mattis. Nullam pulvinar vestibulum bibendum.\nClass aptent taciti sociosqu ad litora torquent per conubia nostra, per inceptos\nhimenaeos. Fusce nulla purus, gravida ac interdum ut, blandit eget ex. Duis a\nluctus dolor.\n\nInteger auctor massa maximus nulla scelerisque accumsan. *Aliquam ac malesuada*\nex. Pellentesque tortor magna, vulputate eu vulputate ut, venenatis ac lectus.\nPraesent ut lacinia sem. Mauris a lectus eget felis mollis feugiat. Quisque\nefficitur, mi ut semper pulvinar, urna urna blandit massa, eget tincidunt augue\nnulla vitae est.\n\nUt posuere aliquet tincidunt. Aliquam erat volutpat. **Class aptent taciti**\nsociosqu ad litora torquent per conubia nostra, per inceptos himenaeos. Morbi\narcu orci, gravida eget aliquam eu, suscipit et ante. Morbi vulputate metus vel\nipsum finibus, ut dapibus massa feugiat. Vestibulum vel lobortis libero. Sed\ntincidunt tellus et viverra scelerisque. Pellentesque tincidunt cursus felis.\nSed in egestas erat.\n\nAliquam pulvinar interdum massa, vel ullamcorper ante consectetur eu. Vestibulum\nlacinia ac enim vel placerat. Integer pulvinar magna nec dui malesuada, nec\ncongue nisl dictum. Donec mollis nisl tortor, at congue erat consequat a. Nam\ntempus elit porta, blandit elit vel, viverra lorem. Sed sit amet tellus\ntincidunt, faucibus nisl in, aliquet libero.','2023-01-30 11:48:07'),(16,1,'Ubi est barbatus nix','ubi-est-barbatus-nix','Vae humani generis. Nunc viverra elit ac laoreet suscipit. Sunt seculaes transferre talis camerarius fluctuies. Ut eleifend mauris et risus ultrices egestas. Bassus fatalis classiss virtualiter transferre de flavum.','Lorem ipsum dolor sit amet consectetur adipisicing elit, sed do eiusmod tempor\nincididunt ut labore et **dolore magna aliqua**: Duis aute irure dolor in\nreprehenderit in voluptate velit esse cillum dolore eu fugiat nulla pariatur.\nExcepteur sint occaecat cupidatat non proident, sunt in culpa qui officia\ndeserunt mollit anim id est laborum.\n\n  * Ut enim ad minim veniam\n  * Quis nostrud exercitation *ullamco laboris*\n  * Nisi ut aliquip ex ea commodo consequat\n\nPraesent id fermentum lorem. Ut est lorem, fringilla at accumsan nec, euismod at\nnunc. Aenean mattis sollicitudin mattis. Nullam pulvinar vestibulum bibendum.\nClass aptent taciti sociosqu ad litora torquent per conubia nostra, per inceptos\nhimenaeos. Fusce nulla purus, gravida ac interdum ut, blandit eget ex. Duis a\nluctus dolor.\n\nInteger auctor massa maximus nulla scelerisque accumsan. *Aliquam ac malesuada*\nex. Pellentesque tortor magna, vulputate eu vulputate ut, venenatis ac lectus.\nPraesent ut lacinia sem. Mauris a lectus eget felis mollis feugiat. Quisque\nefficitur, mi ut semper pulvinar, urna urna blandit massa, eget tincidunt augue\nnulla vitae est.\n\nUt posuere aliquet tincidunt. Aliquam erat volutpat. **Class aptent taciti**\nsociosqu ad litora torquent per conubia nostra, per inceptos himenaeos. Morbi\narcu orci, gravida eget aliquam eu, suscipit et ante. Morbi vulputate metus vel\nipsum finibus, ut dapibus massa feugiat. Vestibulum vel lobortis libero. Sed\ntincidunt tellus et viverra scelerisque. Pellentesque tincidunt cursus felis.\nSed in egestas erat.\n\nAliquam pulvinar interdum massa, vel ullamcorper ante consectetur eu. Vestibulum\nlacinia ac enim vel placerat. Integer pulvinar magna nec dui malesuada, nec\ncongue nisl dictum. Donec mollis nisl tortor, at congue erat consequat a. Nam\ntempus elit porta, blandit elit vel, viverra lorem. Sed sit amet tellus\ntincidunt, faucibus nisl in, aliquet libero.','2023-01-29 16:10:53'),(17,1,'Abnobas sunt hilotaes de placidus vita','abnobas-sunt-hilotaes-de-placidus-vita','Ut suscipit posuere justo at vulputate. Ubi est barbatus nix. Pellentesque vitae velit ex. Lorem ipsum dolor sit amet consectetur adipiscing elit. Era brevis ratione est. Abnobas sunt hilotaes de placidus vita. Diatrias tolerare tanquam noster caesium.','Lorem ipsum dolor sit amet consectetur adipisicing elit, sed do eiusmod tempor\nincididunt ut labore et **dolore magna aliqua**: Duis aute irure dolor in\nreprehenderit in voluptate velit esse cillum dolore eu fugiat nulla pariatur.\nExcepteur sint occaecat cupidatat non proident, sunt in culpa qui officia\ndeserunt mollit anim id est laborum.\n\n  * Ut enim ad minim veniam\n  * Quis nostrud exercitation *ullamco laboris*\n  * Nisi ut aliquip ex ea commodo consequat\n\nPraesent id fermentum lorem. Ut est lorem, fringilla at accumsan nec, euismod at\nnunc. Aenean mattis sollicitudin mattis. Nullam pulvinar vestibulum bibendum.\nClass aptent taciti sociosqu ad litora torquent per conubia nostra, per inceptos\nhimenaeos. Fusce nulla purus, gravida ac interdum ut, blandit eget ex. Duis a\nluctus dolor.\n\nInteger auctor massa maximus nulla scelerisque accumsan. *Aliquam ac malesuada*\nex. Pellentesque tortor magna, vulputate eu vulputate ut, venenatis ac lectus.\nPraesent ut lacinia sem. Mauris a lectus eget felis mollis feugiat. Quisque\nefficitur, mi ut semper pulvinar, urna urna blandit massa, eget tincidunt augue\nnulla vitae est.\n\nUt posuere aliquet tincidunt. Aliquam erat volutpat. **Class aptent taciti**\nsociosqu ad litora torquent per conubia nostra, per inceptos himenaeos. Morbi\narcu orci, gravida eget aliquam eu, suscipit et ante. Morbi vulputate metus vel\nipsum finibus, ut dapibus massa feugiat. Vestibulum vel lobortis libero. Sed\ntincidunt tellus et viverra scelerisque. Pellentesque tincidunt cursus felis.\nSed in egestas erat.\n\nAliquam pulvinar interdum massa, vel ullamcorper ante consectetur eu. Vestibulum\nlacinia ac enim vel placerat. Integer pulvinar magna nec dui malesuada, nec\ncongue nisl dictum. Donec mollis nisl tortor, at congue erat consequat a. Nam\ntempus elit porta, blandit elit vel, viverra lorem. Sed sit amet tellus\ntincidunt, faucibus nisl in, aliquet libero.','2023-01-28 11:44:27'),(18,1,'Ubi est audax amicitia','ubi-est-audax-amicitia','Teres talis saepe tractare de camerarius flavum sensorem. Bassus fatalis classiss virtualiter transferre de flavum. Aliquam sodales odio id eleifend tristique. Ubi est audax amicitia. Ut suscipit posuere justo at vulputate.','Lorem ipsum dolor sit amet consectetur adipisicing elit, sed do eiusmod tempor\nincididunt ut labore et **dolore magna aliqua**: Duis aute irure dolor in\nreprehenderit in voluptate velit esse cillum dolore eu fugiat nulla pariatur.\nExcepteur sint occaecat cupidatat non proident, sunt in culpa qui officia\ndeserunt mollit anim id est laborum.\n\n  * Ut enim ad minim veniam\n  * Quis nostrud exercitation *ullamco laboris*\n  * Nisi ut aliquip ex ea commodo consequat\n\nPraesent id fermentum lorem. Ut est lorem, fringilla at accumsan nec, euismod at\nnunc. Aenean mattis sollicitudin mattis. Nullam pulvinar vestibulum bibendum.\nClass aptent taciti sociosqu ad litora torquent per conubia nostra, per inceptos\nhimenaeos. Fusce nulla purus, gravida ac interdum ut, blandit eget ex. Duis a\nluctus dolor.\n\nInteger auctor massa maximus nulla scelerisque accumsan. *Aliquam ac malesuada*\nex. Pellentesque tortor magna, vulputate eu vulputate ut, venenatis ac lectus.\nPraesent ut lacinia sem. Mauris a lectus eget felis mollis feugiat. Quisque\nefficitur, mi ut semper pulvinar, urna urna blandit massa, eget tincidunt augue\nnulla vitae est.\n\nUt posuere aliquet tincidunt. Aliquam erat volutpat. **Class aptent taciti**\nsociosqu ad litora torquent per conubia nostra, per inceptos himenaeos. Morbi\narcu orci, gravida eget aliquam eu, suscipit et ante. Morbi vulputate metus vel\nipsum finibus, ut dapibus massa feugiat. Vestibulum vel lobortis libero. Sed\ntincidunt tellus et viverra scelerisque. Pellentesque tincidunt cursus felis.\nSed in egestas erat.\n\nAliquam pulvinar interdum massa, vel ullamcorper ante consectetur eu. Vestibulum\nlacinia ac enim vel placerat. Integer pulvinar magna nec dui malesuada, nec\ncongue nisl dictum. Donec mollis nisl tortor, at congue erat consequat a. Nam\ntempus elit porta, blandit elit vel, viverra lorem. Sed sit amet tellus\ntincidunt, faucibus nisl in, aliquet libero.','2023-01-27 09:23:04'),(19,1,'Eposs sunt solems de superbus fortis','eposs-sunt-solems-de-superbus-fortis','Urna nisl sollicitudin id varius orci quam id turpis. Diatrias tolerare tanquam noster caesium. Era brevis ratione est. Ubi est barbatus nix. Sunt accentores vitare salvus flavum parses. Nulla porta lobortis ligula vel egestas.','Lorem ipsum dolor sit amet consectetur adipisicing elit, sed do eiusmod tempor\nincididunt ut labore et **dolore magna aliqua**: Duis aute irure dolor in\nreprehenderit in voluptate velit esse cillum dolore eu fugiat nulla pariatur.\nExcepteur sint occaecat cupidatat non proident, sunt in culpa qui officia\ndeserunt mollit anim id est laborum.\n\n  * Ut enim ad minim veniam\n  * Quis nostrud exercitation *ullamco laboris*\n  * Nisi ut aliquip ex ea commodo consequat\n\nPraesent id fermentum lorem. Ut est lorem, fringilla at accumsan nec, euismod at\nnunc. Aenean mattis sollicitudin mattis. Nullam pulvinar vestibulum bibendum.\nClass aptent taciti sociosqu ad litora torquent per conubia nostra, per inceptos\nhimenaeos. Fusce nulla purus, gravida ac interdum ut, blandit eget ex. Duis a\nluctus dolor.\n\nInteger auctor massa maximus nulla scelerisque accumsan. *Aliquam ac malesuada*\nex. Pellentesque tortor magna, vulputate eu vulputate ut, venenatis ac lectus.\nPraesent ut lacinia sem. Mauris a lectus eget felis mollis feugiat. Quisque\nefficitur, mi ut semper pulvinar, urna urna blandit massa, eget tincidunt augue\nnulla vitae est.\n\nUt posuere aliquet tincidunt. Aliquam erat volutpat. **Class aptent taciti**\nsociosqu ad litora torquent per conubia nostra, per inceptos himenaeos. Morbi\narcu orci, gravida eget aliquam eu, suscipit et ante. Morbi vulputate metus vel\nipsum finibus, ut dapibus massa feugiat. Vestibulum vel lobortis libero. Sed\ntincidunt tellus et viverra scelerisque. Pellentesque tincidunt cursus felis.\nSed in egestas erat.\n\nAliquam pulvinar interdum massa, vel ullamcorper ante consectetur eu. Vestibulum\nlacinia ac enim vel placerat. Integer pulvinar magna nec dui malesuada, nec\ncongue nisl dictum. Donec mollis nisl tortor, at congue erat consequat a. Nam\ntempus elit porta, blandit elit vel, viverra lorem. Sed sit amet tellus\ntincidunt, faucibus nisl in, aliquet libero.','2023-01-26 11:21:43'),(20,1,'Vae humani generis','vae-humani-generis','Lorem ipsum dolor sit amet consectetur adipiscing elit. Nulla porta lobortis ligula vel egestas. Pellentesque et sapien pulvinar consectetur. Potus sensim ad ferox abnoba. Era brevis ratione est. Sunt torquises imitari velox mirabilis medicinaes.','Lorem ipsum dolor sit amet consectetur adipisicing elit, sed do eiusmod tempor\nincididunt ut labore et **dolore magna aliqua**: Duis aute irure dolor in\nreprehenderit in voluptate velit esse cillum dolore eu fugiat nulla pariatur.\nExcepteur sint occaecat cupidatat non proident, sunt in culpa qui officia\ndeserunt mollit anim id est laborum.\n\n  * Ut enim ad minim veniam\n  * Quis nostrud exercitation *ullamco laboris*\n  * Nisi ut aliquip ex ea commodo consequat\n\nPraesent id fermentum lorem. Ut est lorem, fringilla at accumsan nec, euismod at\nnunc. Aenean mattis sollicitudin mattis. Nullam pulvinar vestibulum bibendum.\nClass aptent taciti sociosqu ad litora torquent per conubia nostra, per inceptos\nhimenaeos. Fusce nulla purus, gravida ac interdum ut, blandit eget ex. Duis a\nluctus dolor.\n\nInteger auctor massa maximus nulla scelerisque accumsan. *Aliquam ac malesuada*\nex. Pellentesque tortor magna, vulputate eu vulputate ut, venenatis ac lectus.\nPraesent ut lacinia sem. Mauris a lectus eget felis mollis feugiat. Quisque\nefficitur, mi ut semper pulvinar, urna urna blandit massa, eget tincidunt augue\nnulla vitae est.\n\nUt posuere aliquet tincidunt. Aliquam erat volutpat. **Class aptent taciti**\nsociosqu ad litora torquent per conubia nostra, per inceptos himenaeos. Morbi\narcu orci, gravida eget aliquam eu, suscipit et ante. Morbi vulputate metus vel\nipsum finibus, ut dapibus massa feugiat. Vestibulum vel lobortis libero. Sed\ntincidunt tellus et viverra scelerisque. Pellentesque tincidunt cursus felis.\nSed in egestas erat.\n\nAliquam pulvinar interdum massa, vel ullamcorper ante consectetur eu. Vestibulum\nlacinia ac enim vel placerat. Integer pulvinar magna nec dui malesuada, nec\ncongue nisl dictum. Donec mollis nisl tortor, at congue erat consequat a. Nam\ntempus elit porta, blandit elit vel, viverra lorem. Sed sit amet tellus\ntincidunt, faucibus nisl in, aliquet libero.','2023-01-25 08:49:53'),(21,2,'Diatrias tolerare tanquam noster caesium','diatrias-tolerare-tanquam-noster-caesium','Vae humani generis. Ubi est barbatus nix. Mauris dapibus risus quis suscipit vulputate. Ut suscipit posuere justo at vulputate. Teres talis saepe tractare de camerarius flavum sensorem. Eros diam egestas libero eu vulputate risus.','Lorem ipsum dolor sit amet consectetur adipisicing elit, sed do eiusmod tempor\nincididunt ut labore et **dolore magna aliqua**: Duis aute irure dolor in\nreprehenderit in voluptate velit esse cillum dolore eu fugiat nulla pariatur.\nExcepteur sint occaecat cupidatat non proident, sunt in culpa qui officia\ndeserunt mollit anim id est laborum.\n\n  * Ut enim ad minim veniam\n  * Quis nostrud exercitation *ullamco laboris*\n  * Nisi ut aliquip ex ea commodo consequat\n\nPraesent id fermentum lorem. Ut est lorem, fringilla at accumsan nec, euismod at\nnunc. Aenean mattis sollicitudin mattis. Nullam pulvinar vestibulum bibendum.\nClass aptent taciti sociosqu ad litora torquent per conubia nostra, per inceptos\nhimenaeos. Fusce nulla purus, gravida ac interdum ut, blandit eget ex. Duis a\nluctus dolor.\n\nInteger auctor massa maximus nulla scelerisque accumsan. *Aliquam ac malesuada*\nex. Pellentesque tortor magna, vulputate eu vulputate ut, venenatis ac lectus.\nPraesent ut lacinia sem. Mauris a lectus eget felis mollis feugiat. Quisque\nefficitur, mi ut semper pulvinar, urna urna blandit massa, eget tincidunt augue\nnulla vitae est.\n\nUt posuere aliquet tincidunt. Aliquam erat volutpat. **Class aptent taciti**\nsociosqu ad litora torquent per conubia nostra, per inceptos himenaeos. Morbi\narcu orci, gravida eget aliquam eu, suscipit et ante. Morbi vulputate metus vel\nipsum finibus, ut dapibus massa feugiat. Vestibulum vel lobortis libero. Sed\ntincidunt tellus et viverra scelerisque. Pellentesque tincidunt cursus felis.\nSed in egestas erat.\n\nAliquam pulvinar interdum massa, vel ullamcorper ante consectetur eu. Vestibulum\nlacinia ac enim vel placerat. Integer pulvinar magna nec dui malesuada, nec\ncongue nisl dictum. Donec mollis nisl tortor, at congue erat consequat a. Nam\ntempus elit porta, blandit elit vel, viverra lorem. Sed sit amet tellus\ntincidunt, faucibus nisl in, aliquet libero.','2023-01-24 10:43:13'),(22,2,'Teres talis saepe tractare de camerarius flavum sensorem','teres-talis-saepe-tractare-de-camerarius-flavum-sensorem','Sunt torquises imitari velox mirabilis medicinaes. Mauris dapibus risus quis suscipit vulputate. Potus sensim ad ferox abnoba. Diatrias tolerare tanquam noster caesium. Lorem ipsum dolor sit amet consectetur adipiscing elit.','Lorem ipsum dolor sit amet consectetur adipisicing elit, sed do eiusmod tempor\nincididunt ut labore et **dolore magna aliqua**: Duis aute irure dolor in\nreprehenderit in voluptate velit esse cillum dolore eu fugiat nulla pariatur.\nExcepteur sint occaecat cupidatat non proident, sunt in culpa qui officia\ndeserunt mollit anim id est laborum.\n\n  * Ut enim ad minim veniam\n  * Quis nostrud exercitation *ullamco laboris*\n  * Nisi ut aliquip ex ea commodo consequat\n\nPraesent id fermentum lorem. Ut est lorem, fringilla at accumsan nec, euismod at\nnunc. Aenean mattis sollicitudin mattis. Nullam pulvinar vestibulum bibendum.\nClass aptent taciti sociosqu ad litora torquent per conubia nostra, per inceptos\nhimenaeos. Fusce nulla purus, gravida ac interdum ut, blandit eget ex. Duis a\nluctus dolor.\n\nInteger auctor massa maximus nulla scelerisque accumsan. *Aliquam ac malesuada*\nex. Pellentesque tortor magna, vulputate eu vulputate ut, venenatis ac lectus.\nPraesent ut lacinia sem. Mauris a lectus eget felis mollis feugiat. Quisque\nefficitur, mi ut semper pulvinar, urna urna blandit massa, eget tincidunt augue\nnulla vitae est.\n\nUt posuere aliquet tincidunt. Aliquam erat volutpat. **Class aptent taciti**\nsociosqu ad litora torquent per conubia nostra, per inceptos himenaeos. Morbi\narcu orci, gravida eget aliquam eu, suscipit et ante. Morbi vulputate metus vel\nipsum finibus, ut dapibus massa feugiat. Vestibulum vel lobortis libero. Sed\ntincidunt tellus et viverra scelerisque. Pellentesque tincidunt cursus felis.\nSed in egestas erat.\n\nAliquam pulvinar interdum massa, vel ullamcorper ante consectetur eu. Vestibulum\nlacinia ac enim vel placerat. Integer pulvinar magna nec dui malesuada, nec\ncongue nisl dictum. Donec mollis nisl tortor, at congue erat consequat a. Nam\ntempus elit porta, blandit elit vel, viverra lorem. Sed sit amet tellus\ntincidunt, faucibus nisl in, aliquet libero.','2023-01-23 12:33:16'),(23,2,'Silva de secundus galatae demitto quadra','silva-de-secundus-galatae-demitto-quadra','Eros diam egestas libero eu vulputate risus. Sunt accentores vitare salvus flavum parses. Pellentesque et sapien pulvinar consectetur. Eposs sunt solems de superbus fortis. Mineralis persuadere omnes finises desiderium.','Lorem ipsum dolor sit amet consectetur adipisicing elit, sed do eiusmod tempor\nincididunt ut labore et **dolore magna aliqua**: Duis aute irure dolor in\nreprehenderit in voluptate velit esse cillum dolore eu fugiat nulla pariatur.\nExcepteur sint occaecat cupidatat non proident, sunt in culpa qui officia\ndeserunt mollit anim id est laborum.\n\n  * Ut enim ad minim veniam\n  * Quis nostrud exercitation *ullamco laboris*\n  * Nisi ut aliquip ex ea commodo consequat\n\nPraesent id fermentum lorem. Ut est lorem, fringilla at accumsan nec, euismod at\nnunc. Aenean mattis sollicitudin mattis. Nullam pulvinar vestibulum bibendum.\nClass aptent taciti sociosqu ad litora torquent per conubia nostra, per inceptos\nhimenaeos. Fusce nulla purus, gravida ac interdum ut, blandit eget ex. Duis a\nluctus dolor.\n\nInteger auctor massa maximus nulla scelerisque accumsan. *Aliquam ac malesuada*\nex. Pellentesque tortor magna, vulputate eu vulputate ut, venenatis ac lectus.\nPraesent ut lacinia sem. Mauris a lectus eget felis mollis feugiat. Quisque\nefficitur, mi ut semper pulvinar, urna urna blandit massa, eget tincidunt augue\nnulla vitae est.\n\nUt posuere aliquet tincidunt. Aliquam erat volutpat. **Class aptent taciti**\nsociosqu ad litora torquent per conubia nostra, per inceptos himenaeos. Morbi\narcu orci, gravida eget aliquam eu, suscipit et ante. Morbi vulputate metus vel\nipsum finibus, ut dapibus massa feugiat. Vestibulum vel lobortis libero. Sed\ntincidunt tellus et viverra scelerisque. Pellentesque tincidunt cursus felis.\nSed in egestas erat.\n\nAliquam pulvinar interdum massa, vel ullamcorper ante consectetur eu. Vestibulum\nlacinia ac enim vel placerat. Integer pulvinar magna nec dui malesuada, nec\ncongue nisl dictum. Donec mollis nisl tortor, at congue erat consequat a. Nam\ntempus elit porta, blandit elit vel, viverra lorem. Sed sit amet tellus\ntincidunt, faucibus nisl in, aliquet libero.','2023-01-22 11:17:58'),(24,2,'Sunt accentores vitare salvus flavum parses','sunt-accentores-vitare-salvus-flavum-parses','Era brevis ratione est. Mineralis persuadere omnes finises desiderium. Sunt accentores vitare salvus flavum parses. Nunc viverra elit ac laoreet suscipit. Aliquam sodales odio id eleifend tristique. In hac habitasse platea dictumst.','Lorem ipsum dolor sit amet consectetur adipisicing elit, sed do eiusmod tempor\nincididunt ut labore et **dolore magna aliqua**: Duis aute irure dolor in\nreprehenderit in voluptate velit esse cillum dolore eu fugiat nulla pariatur.\nExcepteur sint occaecat cupidatat non proident, sunt in culpa qui officia\ndeserunt mollit anim id est laborum.\n\n  * Ut enim ad minim veniam\n  * Quis nostrud exercitation *ullamco laboris*\n  * Nisi ut aliquip ex ea commodo consequat\n\nPraesent id fermentum lorem. Ut est lorem, fringilla at accumsan nec, euismod at\nnunc. Aenean mattis sollicitudin mattis. Nullam pulvinar vestibulum bibendum.\nClass aptent taciti sociosqu ad litora torquent per conubia nostra, per inceptos\nhimenaeos. Fusce nulla purus, gravida ac interdum ut, blandit eget ex. Duis a\nluctus dolor.\n\nInteger auctor massa maximus nulla scelerisque accumsan. *Aliquam ac malesuada*\nex. Pellentesque tortor magna, vulputate eu vulputate ut, venenatis ac lectus.\nPraesent ut lacinia sem. Mauris a lectus eget felis mollis feugiat. Quisque\nefficitur, mi ut semper pulvinar, urna urna blandit massa, eget tincidunt augue\nnulla vitae est.\n\nUt posuere aliquet tincidunt. Aliquam erat volutpat. **Class aptent taciti**\nsociosqu ad litora torquent per conubia nostra, per inceptos himenaeos. Morbi\narcu orci, gravida eget aliquam eu, suscipit et ante. Morbi vulputate metus vel\nipsum finibus, ut dapibus massa feugiat. Vestibulum vel lobortis libero. Sed\ntincidunt tellus et viverra scelerisque. Pellentesque tincidunt cursus felis.\nSed in egestas erat.\n\nAliquam pulvinar interdum massa, vel ullamcorper ante consectetur eu. Vestibulum\nlacinia ac enim vel placerat. Integer pulvinar magna nec dui malesuada, nec\ncongue nisl dictum. Donec mollis nisl tortor, at congue erat consequat a. Nam\ntempus elit porta, blandit elit vel, viverra lorem. Sed sit amet tellus\ntincidunt, faucibus nisl in, aliquet libero.','2023-01-21 17:16:36'),(25,2,'Potus sensim ad ferox abnoba','potus-sensim-ad-ferox-abnoba','Aliquam sodales odio id eleifend tristique. Era brevis ratione est. Curabitur aliquam euismod dolor non ornare. Pellentesque et sapien pulvinar consectetur. Ubi est audax amicitia. Eros diam egestas libero eu vulputate risus. Vae humani generis.','Lorem ipsum dolor sit amet consectetur adipisicing elit, sed do eiusmod tempor\nincididunt ut labore et **dolore magna aliqua**: Duis aute irure dolor in\nreprehenderit in voluptate velit esse cillum dolore eu fugiat nulla pariatur.\nExcepteur sint occaecat cupidatat non proident, sunt in culpa qui officia\ndeserunt mollit anim id est laborum.\n\n  * Ut enim ad minim veniam\n  * Quis nostrud exercitation *ullamco laboris*\n  * Nisi ut aliquip ex ea commodo consequat\n\nPraesent id fermentum lorem. Ut est lorem, fringilla at accumsan nec, euismod at\nnunc. Aenean mattis sollicitudin mattis. Nullam pulvinar vestibulum bibendum.\nClass aptent taciti sociosqu ad litora torquent per conubia nostra, per inceptos\nhimenaeos. Fusce nulla purus, gravida ac interdum ut, blandit eget ex. Duis a\nluctus dolor.\n\nInteger auctor massa maximus nulla scelerisque accumsan. *Aliquam ac malesuada*\nex. Pellentesque tortor magna, vulputate eu vulputate ut, venenatis ac lectus.\nPraesent ut lacinia sem. Mauris a lectus eget felis mollis feugiat. Quisque\nefficitur, mi ut semper pulvinar, urna urna blandit massa, eget tincidunt augue\nnulla vitae est.\n\nUt posuere aliquet tincidunt. Aliquam erat volutpat. **Class aptent taciti**\nsociosqu ad litora torquent per conubia nostra, per inceptos himenaeos. Morbi\narcu orci, gravida eget aliquam eu, suscipit et ante. Morbi vulputate metus vel\nipsum finibus, ut dapibus massa feugiat. Vestibulum vel lobortis libero. Sed\ntincidunt tellus et viverra scelerisque. Pellentesque tincidunt cursus felis.\nSed in egestas erat.\n\nAliquam pulvinar interdum massa, vel ullamcorper ante consectetur eu. Vestibulum\nlacinia ac enim vel placerat. Integer pulvinar magna nec dui malesuada, nec\ncongue nisl dictum. Donec mollis nisl tortor, at congue erat consequat a. Nam\ntempus elit porta, blandit elit vel, viverra lorem. Sed sit amet tellus\ntincidunt, faucibus nisl in, aliquet libero.','2023-01-20 09:19:45'),(26,1,'Sunt seculaes transferre talis camerarius fluctuies','sunt-seculaes-transferre-talis-camerarius-fluctuies','Ubi est audax amicitia. Silva de secundus galatae demitto quadra. Nulla porta lobortis ligula vel egestas. Morbi tempus commodo mattis. Abnobas sunt hilotaes de placidus vita. Bassus fatalis classiss virtualiter transferre de flavum.','Lorem ipsum dolor sit amet consectetur adipisicing elit, sed do eiusmod tempor\nincididunt ut labore et **dolore magna aliqua**: Duis aute irure dolor in\nreprehenderit in voluptate velit esse cillum dolore eu fugiat nulla pariatur.\nExcepteur sint occaecat cupidatat non proident, sunt in culpa qui officia\ndeserunt mollit anim id est laborum.\n\n  * Ut enim ad minim veniam\n  * Quis nostrud exercitation *ullamco laboris*\n  * Nisi ut aliquip ex ea commodo consequat\n\nPraesent id fermentum lorem. Ut est lorem, fringilla at accumsan nec, euismod at\nnunc. Aenean mattis sollicitudin mattis. Nullam pulvinar vestibulum bibendum.\nClass aptent taciti sociosqu ad litora torquent per conubia nostra, per inceptos\nhimenaeos. Fusce nulla purus, gravida ac interdum ut, blandit eget ex. Duis a\nluctus dolor.\n\nInteger auctor massa maximus nulla scelerisque accumsan. *Aliquam ac malesuada*\nex. Pellentesque tortor magna, vulputate eu vulputate ut, venenatis ac lectus.\nPraesent ut lacinia sem. Mauris a lectus eget felis mollis feugiat. Quisque\nefficitur, mi ut semper pulvinar, urna urna blandit massa, eget tincidunt augue\nnulla vitae est.\n\nUt posuere aliquet tincidunt. Aliquam erat volutpat. **Class aptent taciti**\nsociosqu ad litora torquent per conubia nostra, per inceptos himenaeos. Morbi\narcu orci, gravida eget aliquam eu, suscipit et ante. Morbi vulputate metus vel\nipsum finibus, ut dapibus massa feugiat. Vestibulum vel lobortis libero. Sed\ntincidunt tellus et viverra scelerisque. Pellentesque tincidunt cursus felis.\nSed in egestas erat.\n\nAliquam pulvinar interdum massa, vel ullamcorper ante consectetur eu. Vestibulum\nlacinia ac enim vel placerat. Integer pulvinar magna nec dui malesuada, nec\ncongue nisl dictum. Donec mollis nisl tortor, at congue erat consequat a. Nam\ntempus elit porta, blandit elit vel, viverra lorem. Sed sit amet tellus\ntincidunt, faucibus nisl in, aliquet libero.','2023-01-19 14:43:49'),(27,2,'Era brevis ratione est','era-brevis-ratione-est','Era brevis ratione est. Nunc viverra elit ac laoreet suscipit. Eros diam egestas libero eu vulputate risus. Teres talis saepe tractare de camerarius flavum sensorem. Urna nisl sollicitudin id varius orci quam id turpis. Potus sensim ad ferox abnoba.','Lorem ipsum dolor sit amet consectetur adipisicing elit, sed do eiusmod tempor\nincididunt ut labore et **dolore magna aliqua**: Duis aute irure dolor in\nreprehenderit in voluptate velit esse cillum dolore eu fugiat nulla pariatur.\nExcepteur sint occaecat cupidatat non proident, sunt in culpa qui officia\ndeserunt mollit anim id est laborum.\n\n  * Ut enim ad minim veniam\n  * Quis nostrud exercitation *ullamco laboris*\n  * Nisi ut aliquip ex ea commodo consequat\n\nPraesent id fermentum lorem. Ut est lorem, fringilla at accumsan nec, euismod at\nnunc. Aenean mattis sollicitudin mattis. Nullam pulvinar vestibulum bibendum.\nClass aptent taciti sociosqu ad litora torquent per conubia nostra, per inceptos\nhimenaeos. Fusce nulla purus, gravida ac interdum ut, blandit eget ex. Duis a\nluctus dolor.\n\nInteger auctor massa maximus nulla scelerisque accumsan. *Aliquam ac malesuada*\nex. Pellentesque tortor magna, vulputate eu vulputate ut, venenatis ac lectus.\nPraesent ut lacinia sem. Mauris a lectus eget felis mollis feugiat. Quisque\nefficitur, mi ut semper pulvinar, urna urna blandit massa, eget tincidunt augue\nnulla vitae est.\n\nUt posuere aliquet tincidunt. Aliquam erat volutpat. **Class aptent taciti**\nsociosqu ad litora torquent per conubia nostra, per inceptos himenaeos. Morbi\narcu orci, gravida eget aliquam eu, suscipit et ante. Morbi vulputate metus vel\nipsum finibus, ut dapibus massa feugiat. Vestibulum vel lobortis libero. Sed\ntincidunt tellus et viverra scelerisque. Pellentesque tincidunt cursus felis.\nSed in egestas erat.\n\nAliquam pulvinar interdum massa, vel ullamcorper ante consectetur eu. Vestibulum\nlacinia ac enim vel placerat. Integer pulvinar magna nec dui malesuada, nec\ncongue nisl dictum. Donec mollis nisl tortor, at congue erat consequat a. Nam\ntempus elit porta, blandit elit vel, viverra lorem. Sed sit amet tellus\ntincidunt, faucibus nisl in, aliquet libero.','2023-01-18 10:40:22'),(28,1,'Sunt torquises imitari velox mirabilis medicinaes','sunt-torquises-imitari-velox-mirabilis-medicinaes','Mineralis persuadere omnes finises desiderium. In hac habitasse platea dictumst. Silva de secundus galatae demitto quadra. Vae humani generis. Diatrias tolerare tanquam noster caesium. Teres talis saepe tractare de camerarius flavum sensorem.','Lorem ipsum dolor sit amet consectetur adipisicing elit, sed do eiusmod tempor\nincididunt ut labore et **dolore magna aliqua**: Duis aute irure dolor in\nreprehenderit in voluptate velit esse cillum dolore eu fugiat nulla pariatur.\nExcepteur sint occaecat cupidatat non proident, sunt in culpa qui officia\ndeserunt mollit anim id est laborum.\n\n  * Ut enim ad minim veniam\n  * Quis nostrud exercitation *ullamco laboris*\n  * Nisi ut aliquip ex ea commodo consequat\n\nPraesent id fermentum lorem. Ut est lorem, fringilla at accumsan nec, euismod at\nnunc. Aenean mattis sollicitudin mattis. Nullam pulvinar vestibulum bibendum.\nClass aptent taciti sociosqu ad litora torquent per conubia nostra, per inceptos\nhimenaeos. Fusce nulla purus, gravida ac interdum ut, blandit eget ex. Duis a\nluctus dolor.\n\nInteger auctor massa maximus nulla scelerisque accumsan. *Aliquam ac malesuada*\nex. Pellentesque tortor magna, vulputate eu vulputate ut, venenatis ac lectus.\nPraesent ut lacinia sem. Mauris a lectus eget felis mollis feugiat. Quisque\nefficitur, mi ut semper pulvinar, urna urna blandit massa, eget tincidunt augue\nnulla vitae est.\n\nUt posuere aliquet tincidunt. Aliquam erat volutpat. **Class aptent taciti**\nsociosqu ad litora torquent per conubia nostra, per inceptos himenaeos. Morbi\narcu orci, gravida eget aliquam eu, suscipit et ante. Morbi vulputate metus vel\nipsum finibus, ut dapibus massa feugiat. Vestibulum vel lobortis libero. Sed\ntincidunt tellus et viverra scelerisque. Pellentesque tincidunt cursus felis.\nSed in egestas erat.\n\nAliquam pulvinar interdum massa, vel ullamcorper ante consectetur eu. Vestibulum\nlacinia ac enim vel placerat. Integer pulvinar magna nec dui malesuada, nec\ncongue nisl dictum. Donec mollis nisl tortor, at congue erat consequat a. Nam\ntempus elit porta, blandit elit vel, viverra lorem. Sed sit amet tellus\ntincidunt, faucibus nisl in, aliquet libero.','2023-01-17 14:19:38'),(29,2,'Mineralis persuadere omnes finises desiderium','mineralis-persuadere-omnes-finises-desiderium','Ut eleifend mauris et risus ultrices egestas. Urna nisl sollicitudin id varius orci quam id turpis. Mauris dapibus risus quis suscipit vulputate. Ut suscipit posuere justo at vulputate. Lorem ipsum dolor sit amet consectetur adipiscing elit.','Lorem ipsum dolor sit amet consectetur adipisicing elit, sed do eiusmod tempor\nincididunt ut labore et **dolore magna aliqua**: Duis aute irure dolor in\nreprehenderit in voluptate velit esse cillum dolore eu fugiat nulla pariatur.\nExcepteur sint occaecat cupidatat non proident, sunt in culpa qui officia\ndeserunt mollit anim id est laborum.\n\n  * Ut enim ad minim veniam\n  * Quis nostrud exercitation *ullamco laboris*\n  * Nisi ut aliquip ex ea commodo consequat\n\nPraesent id fermentum lorem. Ut est lorem, fringilla at accumsan nec, euismod at\nnunc. Aenean mattis sollicitudin mattis. Nullam pulvinar vestibulum bibendum.\nClass aptent taciti sociosqu ad litora torquent per conubia nostra, per inceptos\nhimenaeos. Fusce nulla purus, gravida ac interdum ut, blandit eget ex. Duis a\nluctus dolor.\n\nInteger auctor massa maximus nulla scelerisque accumsan. *Aliquam ac malesuada*\nex. Pellentesque tortor magna, vulputate eu vulputate ut, venenatis ac lectus.\nPraesent ut lacinia sem. Mauris a lectus eget felis mollis feugiat. Quisque\nefficitur, mi ut semper pulvinar, urna urna blandit massa, eget tincidunt augue\nnulla vitae est.\n\nUt posuere aliquet tincidunt. Aliquam erat volutpat. **Class aptent taciti**\nsociosqu ad litora torquent per conubia nostra, per inceptos himenaeos. Morbi\narcu orci, gravida eget aliquam eu, suscipit et ante. Morbi vulputate metus vel\nipsum finibus, ut dapibus massa feugiat. Vestibulum vel lobortis libero. Sed\ntincidunt tellus et viverra scelerisque. Pellentesque tincidunt cursus felis.\nSed in egestas erat.\n\nAliquam pulvinar interdum massa, vel ullamcorper ante consectetur eu. Vestibulum\nlacinia ac enim vel placerat. Integer pulvinar magna nec dui malesuada, nec\ncongue nisl dictum. Donec mollis nisl tortor, at congue erat consequat a. Nam\ntempus elit porta, blandit elit vel, viverra lorem. Sed sit amet tellus\ntincidunt, faucibus nisl in, aliquet libero.','2023-01-16 17:22:51'),(30,1,'Bassus fatalis classiss virtualiter transferre de flavum','bassus-fatalis-classiss-virtualiter-transferre-de-flavum','Potus sensim ad ferox abnoba. Eposs sunt solems de superbus fortis. Aliquam sodales odio id eleifend tristique. Urna nisl sollicitudin id varius orci quam id turpis. Mineralis persuadere omnes finises desiderium. Vae humani generis.','Lorem ipsum dolor sit amet consectetur adipisicing elit, sed do eiusmod tempor\nincididunt ut labore et **dolore magna aliqua**: Duis aute irure dolor in\nreprehenderit in voluptate velit esse cillum dolore eu fugiat nulla pariatur.\nExcepteur sint occaecat cupidatat non proident, sunt in culpa qui officia\ndeserunt mollit anim id est laborum.\n\n  * Ut enim ad minim veniam\n  * Quis nostrud exercitation *ullamco laboris*\n  * Nisi ut aliquip ex ea commodo consequat\n\nPraesent id fermentum lorem. Ut est lorem, fringilla at accumsan nec, euismod at\nnunc. Aenean mattis sollicitudin mattis. Nullam pulvinar vestibulum bibendum.\nClass aptent taciti sociosqu ad litora torquent per conubia nostra, per inceptos\nhimenaeos. Fusce nulla purus, gravida ac interdum ut, blandit eget ex. Duis a\nluctus dolor.\n\nInteger auctor massa maximus nulla scelerisque accumsan. *Aliquam ac malesuada*\nex. Pellentesque tortor magna, vulputate eu vulputate ut, venenatis ac lectus.\nPraesent ut lacinia sem. Mauris a lectus eget felis mollis feugiat. Quisque\nefficitur, mi ut semper pulvinar, urna urna blandit massa, eget tincidunt augue\nnulla vitae est.\n\nUt posuere aliquet tincidunt. Aliquam erat volutpat. **Class aptent taciti**\nsociosqu ad litora torquent per conubia nostra, per inceptos himenaeos. Morbi\narcu orci, gravida eget aliquam eu, suscipit et ante. Morbi vulputate metus vel\nipsum finibus, ut dapibus massa feugiat. Vestibulum vel lobortis libero. Sed\ntincidunt tellus et viverra scelerisque. Pellentesque tincidunt cursus felis.\nSed in egestas erat.\n\nAliquam pulvinar interdum massa, vel ullamcorper ante consectetur eu. Vestibulum\nlacinia ac enim vel placerat. Integer pulvinar magna nec dui malesuada, nec\ncongue nisl dictum. Donec mollis nisl tortor, at congue erat consequat a. Nam\ntempus elit porta, blandit elit vel, viverra lorem. Sed sit amet tellus\ntincidunt, faucibus nisl in, aliquet libero.','2023-01-15 17:20:16');
/*!40000 ALTER TABLE `symfony_demo_post` ENABLE KEYS */;
UNLOCK TABLES;

--
-- Table structure for table `symfony_demo_post_tag`
--

DROP TABLE IF EXISTS `symfony_demo_post_tag`;
/*!40101 SET @saved_cs_client     = @@character_set_client */;
/*!50503 SET character_set_client = utf8mb4 */;
CREATE TABLE `symfony_demo_post_tag` (
  `post_id` int NOT NULL,
  `tag_id` int NOT NULL,
  PRIMARY KEY (`post_id`,`tag_id`),
  KEY `IDX_6ABC1CC44B89032C` (`post_id`),
  KEY `IDX_6ABC1CC4BAD26311` (`tag_id`),
  CONSTRAINT `FK_6ABC1CC44B89032C` FOREIGN KEY (`post_id`) REFERENCES `symfony_demo_post` (`id`) ON DELETE CASCADE,
  CONSTRAINT `FK_6ABC1CC4BAD26311` FOREIGN KEY (`tag_id`) REFERENCES `symfony_demo_tag` (`id`) ON DELETE CASCADE
) ENGINE=InnoDB DEFAULT CHARSET=utf8mb4 COLLATE=utf8mb4_unicode_ci;
/*!40101 SET character_set_client = @saved_cs_client */;

--
-- Dumping data for table `symfony_demo_post_tag`
--

LOCK TABLES `symfony_demo_post_tag` WRITE;
/*!40000 ALTER TABLE `symfony_demo_post_tag` DISABLE KEYS */;
INSERT INTO `symfony_demo_post_tag` VALUES (1,1),(1,8),(2,2),(2,4),(3,4),(3,9),(4,2),(4,3),(4,5),(5,1),(5,4),(5,8),(6,4),(6,5),(6,7),(7,1),(7,7),(7,8),(8,2),(8,4),(8,7),(8,8),(9,4),(9,8),(9,9),(10,4),(10,7),(11,5),(11,7),(12,1),(12,7),(13,1),(13,3),(13,4),(13,9),(14,4),(14,6),(14,7),(14,9),(15,3),(15,6),(16,2),(16,7),(16,8),(17,4),(17,7),(17,8),(18,1),(18,4),(18,7),(19,2),(19,3),(19,5),(19,6),(20,5),(20,7),(20,8),(21,1),(21,4),(21,5),(21,8),(22,1),(22,2),(22,5),(22,8),(23,5),(23,6),(23,7),(23,8),(24,8),(24,9),(25,2),(25,4),(25,6),(25,9),(26,3),(26,5),(27,6),(27,7),(28,1),(28,2),(29,7),(29,8),(30,5),(30,7),(30,8);
/*!40000 ALTER TABLE `symfony_demo_post_tag` ENABLE KEYS */;
UNLOCK TABLES;

--
-- Table structure for table `symfony_demo_tag`
--

DROP TABLE IF EXISTS `symfony_demo_tag`;
/*!40101 SET @saved_cs_client     = @@character_set_client */;
/*!50503 SET character_set_client = utf8mb4 */;
CREATE TABLE `symfony_demo_tag` (
  `id` int NOT NULL AUTO_INCREMENT,
  `name` varchar(255) COLLATE utf8mb4_unicode_ci NOT NULL,
  PRIMARY KEY (`id`),
  UNIQUE KEY `UNIQ_4D5855405E237E06` (`name`)
) ENGINE=InnoDB AUTO_INCREMENT=10 DEFAULT CHARSET=utf8mb4 COLLATE=utf8mb4_unicode_ci;
/*!40101 SET character_set_client = @saved_cs_client */;

--
-- Dumping data for table `symfony_demo_tag`
--

LOCK TABLES `symfony_demo_tag` WRITE;
/*!40000 ALTER TABLE `symfony_demo_tag` DISABLE KEYS */;
INSERT INTO `symfony_demo_tag` VALUES (4,'adipiscing'),(3,'consectetur'),(8,'dolore'),(5,'incididunt'),(2,'ipsum'),(6,'labore'),(1,'lorem'),(9,'pariatur'),(7,'voluptate');
/*!40000 ALTER TABLE `symfony_demo_tag` ENABLE KEYS */;
UNLOCK TABLES;

--
-- Table structure for table `symfony_demo_user`
--

DROP TABLE IF EXISTS `symfony_demo_user`;
/*!40101 SET @saved_cs_client     = @@character_set_client */;
/*!50503 SET character_set_client = utf8mb4 */;
CREATE TABLE `symfony_demo_user` (
  `id` int NOT NULL AUTO_INCREMENT,
  `full_name` varchar(255) COLLATE utf8mb4_unicode_ci NOT NULL,
  `username` varchar(255) COLLATE utf8mb4_unicode_ci NOT NULL,
  `email` varchar(255) COLLATE utf8mb4_unicode_ci NOT NULL,
  `password` varchar(255) COLLATE utf8mb4_unicode_ci NOT NULL,
  `roles` json NOT NULL,
  `pricing_plan` varchar(10) COLLATE utf8mb4_unicode_ci NOT NULL DEFAULT 'default',
  PRIMARY KEY (`id`),
  UNIQUE KEY `UNIQ_8FB094A1F85E0677` (`username`),
  UNIQUE KEY `UNIQ_8FB094A1E7927C74` (`email`)
) ENGINE=InnoDB AUTO_INCREMENT=5 DEFAULT CHARSET=utf8mb4 COLLATE=utf8mb4_unicode_ci;
/*!40101 SET character_set_client = @saved_cs_client */;

--
-- Dumping data for table `symfony_demo_user`
--

LOCK TABLES `symfony_demo_user` WRITE;
/*!40000 ALTER TABLE `symfony_demo_user` DISABLE KEYS */;
INSERT INTO `symfony_demo_user` VALUES (1,'Jane Doe','jane_admin','jane_admin@symfony.com','$2y$13$3EJxNVreeSXjCJooqMEDsu8jjTtCWVQWKs5QaCRZ2VcrXK1ATq0E.','[\"ROLE_ADMIN\"]','default'),(2,'Tom Doe','tom_admin','tom_admin@symfony.com','$2y$13$aBB/wELjpysf6PpYuXLEBuK4pEGaWJLxnC7aa/8FFjLqQmLie8ni2','[\"ROLE_ADMIN\"]','default'),(3,'John Doe','john_user','john_user@symfony.com','$2y$13$RNUzIa1pIzwdARInhBNS/.m5fnZYEK5UvK0W74fJrWkmIjebLOhpy','[\"ROLE_USER\"]','default'),(4,'Tomasz Chytkowski','tchytkowski','t@c.pl','$2y$13$AnPPRvmjjC5h/QJQF4ljMO9TZMbFQ9vlaqfDseaR0rfO81snhbi.q','[\"ROLE_ADMIN\"]','premium');
/*!40000 ALTER TABLE `symfony_demo_user` ENABLE KEYS */;
UNLOCK TABLES;
/*!40103 SET TIME_ZONE=@OLD_TIME_ZONE */;

/*!40101 SET SQL_MODE=@OLD_SQL_MODE */;
/*!40014 SET FOREIGN_KEY_CHECKS=@OLD_FOREIGN_KEY_CHECKS */;
/*!40014 SET UNIQUE_CHECKS=@OLD_UNIQUE_CHECKS */;
/*!40101 SET CHARACTER_SET_CLIENT=@OLD_CHARACTER_SET_CLIENT */;
/*!40101 SET CHARACTER_SET_RESULTS=@OLD_CHARACTER_SET_RESULTS */;
/*!40101 SET COLLATION_CONNECTION=@OLD_COLLATION_CONNECTION */;
/*!40111 SET SQL_NOTES=@OLD_SQL_NOTES */;

-- Dump completed on 2023-10-04 18:24:16
